sub,itc40_stim,itc40_stim_matched,itc40_rest,itc37_stim,itc43_stim,n_stim_ep,n_rest_ep,Gender,Age,Group,MMSE
sub-01,0.38404607273382263,0.3905699740574795,0.07949618864863595,0.05879738174204104,0.062008634770048726,228,85,Male,65,Normal,28
sub-02,0.1573962301582385,0.17068729958118195,0.11302789251081558,0.06095988060482523,0.04904286773967875,228,85,Female,70,Mild AD,23
sub-03,0.24747823749414233,0.2620669123230407,0.05457374318054678,0.04541211382484946,0.07005358883334892,228,85,Male,75,Normal,27
sub-04,0.07172676083538423,0.1055249723307441,0.16196081387665762,0.058920581735345035,0.04229794604557135,228,85,Male,82,Mild AD,21
sub-05,0.42699403717791723,0.4346442556566242,0.13921154676872016,0.03064267814663888,0.0395670411824375,228,85,Male,75,Mild AD,21
sub-06,0.20746011220852795,0.21666345141166649,0.1163895646112455,0.08767111541777681,0.054252287015676026,228,85,Female,69,-,-
sub-07,0.07894307391163607,0.11484342463445511,0.08359846751478608,0.07134033207205383,0.047431831507167226,228,85,Male,89,Mild AD,19
sub-08,0.22133742927308475,0.2335317788402486,0.08643706308820992,0.06477587538657169,0.041657291612247516,228,85,Male,70,Normal,24
sub-09,0.047694780496655334,0.07682725613595853,0.049769415972990866,0.04485570702787801,0.03735415957981878,380,153,Female,57,Normal,26
sub-10,0.054362347291070146,0.07101640386172894,0.08371128347308353,0.0483883130058215,0.04024165931535971,380,153,Male,81,Normal,28
sub-11,0.03738667547953487,0.061977860638008066,0.07177847408052382,0.06267980328449767,0.03700113811279015,380,153,Female,88,Mild AD,20
sub-12,0.0986213041948521,0.10837953280908726,0.09781302700065855,0.0391598089206073,0.022210169968645416,380,153,Female,63,Normal,30
sub-13,0.06708343551621755,0.08782413992285969,0.05193159564175722,0.041679863111685415,0.048412207593830484,380,153,Male,60,-,-
sub-14,0.050708026198959866,0.0701571634712746,0.13374230560985456,0.04533920885342444,0.061054688629063145,380,153,Female,79,Mild AD,18
sub-15,0.06540465388371505,0.08418466675840418,0.06148344615754811,0.02664767428625138,0.054544061135089014,380,153,Female,77,Mild AD,19
sub-16,0.04513362662357011,0.07050788411723374,0.06408609490369607,0.03614152201106196,0.028346133038167624,380,153,Male,68,Mild AD,25
sub-17,0.11564034400029054,0.13129095378595254,0.06702748495444893,0.04709972913025829,0.0694752904095866,380,153,Male,65,MCI,25
sub-18,0.0749366002169379,0.09883965454806094,0.07137408234206781,0.03632688624815138,0.05153901322932694,380,153,Female,76,MCI,18
sub-19,0.10342862123406102,0.11420569790600084,0.09677531888016142,0.041929217471712216,0.019727119448954215,380,153,Female,82,MCI,13
sub-20,0.06253647533520551,0.09023180407054847,0.0646920615293158,0.04484520723417197,0.052349082438461814,380,153,Female,82,Mild AD,13
sub-21,0.0703085617356776,0.09129276787023832,0.07221615397873188,0.04572857282030153,0.03991017014275139,380,153,Male,78,Mild AD,30
sub-22,0.08134229250657057,0.096008976350552,0.07654622017052334,0.03294095521737034,0.054900569646888546,380,153,Female,67,Normal,29
sub-23,0.023047405435496642,0.061220381072112307,0.054196089259778424,0.04104366741498702,0.033050409948003415,380,153,Female,75,Mild AD,14
sub-24,0.05866449722709174,0.07755832280519617,0.05006931146488665,0.04098151148196478,0.058560264383603164,380,153,Male,81,Moderate AD,23
sub-25,0.04848499769816414,0.07144532043498925,0.09951639789359146,0.03309154499378596,0.03875235457255116,380,153,Female,68,Normal,24
sub-26,0.07183041083546816,0.09398172828427842,0.08430208554897696,0.04854175745045233,0.040818483938957845,380,153,Male,54,Normal,28
sub-27,0.06500216611689223,0.09747640047547858,0.0752297473687212,0.05299327758626998,0.05444009129633772,380,153,Male,64,MCI,23
sub-28,0.022791284098374595,0.060803276697981655,0.07325259603127118,0.045827241715861756,0.042280495652289515,380,153,Male,60,MCI,26
sub-29,0.06758277128677412,0.08441520944177172,0.03352244539361526,0.04942581384397665,0.05188957723909422,380,153,Male,85,Mild AD,16
sub-30,0.07877523305565808,0.09268303137223752,0.053486295806871566,0.04485442042765857,0.046315086760239724,380,153,Male,71,Mild AD,22
sub-31,0.11111809266247735,0.12303658024813768,0.06801595171735975,0.028161502636154974,0.051009190321171495,380,153,Female,59,Normal,26
sub-32,0.09357709893877679,0.1005871895988613,0.05738083337212042,0.05306025487071411,0.0493628960882396,380,153,Female,71,MCI,21
sub-33,0.04433493884546344,0.07775616421903093,0.07154989379799717,0.04706883469801788,0.056003428276643535,380,153,Female,83,Mild AD,15
sub-34,0.03653680625131318,0.06522245712889113,0.05357205531122755,0.04614907844664398,0.03463252723856343,380,153,Female,78,Mild AD,20
sub-35,0.0372778401103285,0.07037982894542885,0.07125165896308834,0.027168064419307428,0.03116194570594041,380,153,Male,77,Mild AD,21
