sub,R40,R40_odd,R40_even,R37,aper_exp,aper_off,iaf,rel40_rest,fit_r2,Gender,Age,Group,MMSE
sub-01,0.5356986897388151,0.5330773867020175,0.5383199927756126,-0.037143447256884815,0.918596944932022,-0.4247078631980326,7.252909175494609,0.10817528897134028,0.979494093515105,Male,65,Normal,28.0
sub-02,0.09311856179141217,0.10658807390478478,0.07964904967803954,0.034530367246263044,0.8408496644880896,-1.2304552328084435,,0.10850115455321936,0.9894855108611952,Female,70,Mild AD,23.0
sub-03,0.31050616783252755,0.2972860963733579,0.3237262392916972,-0.0013859237318934736,1.0774914479142157,0.28634464102245455,7.757791872204795,0.15298612612497386,0.9949886974008789,Male,75,Normal,27.0
sub-04,0.014009436189564878,0.056129934610412296,-0.028111062231282485,0.02530044122157757,-0.06401875447468733,-0.042826112956879325,7.815118145258958,0.09098162801637757,0.6407008322443601,Male,82,Mild AD,21.0
sub-05,0.5157027797408349,0.5184844369762978,0.5129211225053719,-0.04250794534840083,1.619441360543823,1.2823913584792008,9.101458090455885,0.08016355263183123,0.9953218567446404,Male,75,Mild AD,21.0
sub-06,0.25522754259892094,0.27654731098170404,0.23390777421613773,-0.016262411018919065,0.7930627335315125,0.8600769633458699,8.489405208269057,0.11237024691185767,0.9615650472020904,Female,69,-,
sub-07,-0.026563135010897798,-0.036207537094187836,-0.01691873292760776,0.002145721976116996,1.4487111111130315,0.7498008977604655,8.536307903076477,0.10041185305075645,0.9955683125694987,Male,89,Mild AD,19.0
sub-08,0.14881568420491634,0.2219588554305503,0.07567251297928235,0.025449968810956014,1.4216143312326326,1.0987823134056152,7.824357690401044,0.10847741892577567,0.993813360035206,Male,70,Normal,24.0
sub-09,-0.01727728244596849,0.01260638959890567,-0.047160954490842635,-0.022604785408107064,0.25326782778655643,-0.1658408566650527,10.160523229422989,0.0946287062899582,0.8023382153933527,Female,57,Normal,26.0
sub-10,0.05758847887932586,0.06219354553915796,0.052983412219493736,-0.026147557736491522,0.28081422659834016,-0.14381200791384408,,0.11187548116511559,0.6868763254835741,Male,81,Normal,28.0
sub-11,0.1509106914547517,0.12899129427314668,0.17283008863635668,-0.012971864328727073,0.7472432281245904,-0.04664141578239561,10.915891295784709,0.08354853430867781,0.982486661781316,Female,88,Mild AD,20.0
sub-12,0.20458937900999452,0.17612144059136278,0.2330573174286263,-0.02455023253699054,1.246852635590701,0.6301453720372076,8.550635386884403,-0.04898361491602326,0.9914978654565958,Female,63,Normal,30.0
sub-13,0.09294634186821638,0.1064293331837774,0.07946335055265528,0.0029808092386746365,1.951089471337105,1.6000205019280624,11.085804768312558,0.05497563914507324,0.9878216011004916,Male,60,-,
sub-14,0.1892851190025099,0.2335604816044121,0.14500975640060776,0.009062634203516523,0.48196667573941177,-0.21470553371446605,9.406008264742765,0.12117378608223585,0.9769058301722657,Female,79,Mild AD,18.0
sub-15,0.2972850717004951,0.34754467052726834,0.24702547287372192,-0.03674229662542697,0.937801055789946,0.7709729076228201,12.544600597652046,0.0584287468093277,0.9678051096710341,Female,77,Mild AD,19.0
sub-16,0.08428185846120687,0.017140145010338337,0.15142357191207526,0.008469336476913975,0.6693723172487097,0.10270089826357284,10.65633091240566,0.11013994762109298,0.9879324618330377,Male,68,Mild AD,25.0
sub-17,0.570508591015723,0.5765447464578187,0.5644724355736276,-0.07028524428681761,1.9896222077111436,1.4250003089530359,8.893102606279419,0.10621810653899766,0.9892166157950721,Male,65,MCI,25.0
sub-18,0.25251136701315097,0.30845189778246257,0.19657083624383942,-0.054340010371959124,0.6116565665630355,0.12268720858327302,12.365335595390052,0.09227908365389142,0.9229226624020832,Female,76,MCI,18.0
sub-19,0.6878640290711062,0.6904713259655458,0.6852567321766668,-0.1124361790330595,0.7242585156496667,0.09672796485758843,8.459387837648164,0.11218109311761505,0.9794435795446236,Female,82,MCI,13.0
sub-20,0.4116719309691934,0.44656756955789506,0.3767762923804915,-0.04167333116392807,0.8717834567696918,0.3353914981749381,8.747263394324223,0.07112743085806973,0.9787046297612673,Female,82,Mild AD,13.0
sub-21,0.3353237099935398,0.3475045972887169,0.32314282269836264,-0.05022547038389452,0.813873859875509,-0.18365676627117244,10.204982907551834,0.06961372092131615,0.9871494468193535,Male,78,Mild AD,30.0
sub-22,0.40865386313712665,0.3064323218843071,0.510875404389946,-0.06366034845776126,0.8543902735471294,-0.03758063273084375,7.015225398484298,0.043501525057912604,0.986317821900397,Female,67,Normal,29.0
sub-23,0.0036924759759791592,0.03213697095002628,-0.024752018998067976,0.017928304665168454,0.9505684633874352,0.19029573743319816,,0.11553500937396478,0.9783801175927017,Female,75,Mild AD,14.0
sub-24,0.15650390899362968,0.17086103917932569,0.14214677880793358,-0.05753274771430991,1.1379990137668883,0.44790542426485547,9.372388792633648,0.12553065858013032,0.9903597752047846,Male,81,Moderate AD,23.0
sub-25,0.03348198686496717,0.02385192915752124,0.04311204457241319,-0.03987338518505304,0.13317467875536604,-0.1024347470176045,,0.1501974942247938,0.4586391626712788,Female,68,Normal,24.0
sub-26,0.390755972150604,0.39144990645382716,0.3900620378473808,-0.004883594967179217,1.1509851493096648,0.3826952536732451,10.302409428109938,0.03847261539415097,0.9760833433934207,Male,54,Normal,28.0
sub-27,0.1090644146787055,0.11391722091310608,0.10421160844430502,-0.017055941936264918,1.0990468992230762,0.6143330482188509,8.42105993650534,0.15051187766288945,0.9942729708770669,Male,64,MCI,23.0
sub-28,0.08095194176823378,0.0504807238113526,0.1114231597251149,0.025665048716265904,0.5382948929531957,-0.18045362749320082,11.16397110246726,0.11023646576253998,0.9649222672120021,Male,60,MCI,26.0
sub-29,0.31451174752141714,0.33405308035404496,0.29497041468878926,-0.02543506203214735,0.46025213036865714,-0.09934700914076977,,0.09873545186219197,0.8092175187105266,Male,85,Mild AD,16.0
sub-30,0.38485007376596736,0.3810197092882466,0.38868043824368825,-0.022351974650329093,1.0832064385637552,0.4114973447837428,8.939556881740563,0.07817198408617188,0.9847925031953536,Male,71,Mild AD,22.0
sub-31,0.6278780249294943,0.6224037150335976,0.6333523348253909,-0.044709295346447714,1.1560842696869724,0.2866447260082557,8.733067325325193,0.021037878268079603,0.9801669932416082,Female,59,Normal,26.0
sub-32,0.5422325668829249,0.5339344724226875,0.5505306613431622,-0.04515489931778166,1.143465688360579,0.34374363676491965,10.148620181834724,0.10738162110484704,0.9900600879622431,Female,71,MCI,21.0
sub-33,0.14736517023691625,0.10417607614736155,0.190554264326471,-0.03731440303360159,1.1914430030799725,0.5792187791166578,12.7545844004917,0.05122488775159988,0.9619116497825492,Female,83,Mild AD,15.0
sub-34,-0.03544536309511563,-0.031007397847081966,-0.039883328343149296,0.026052967091901663,1.6168909906822606,1.5007257775870824,7.110235732633518,0.0005497484368958841,0.9890399228280133,Female,78,Mild AD,20.0
sub-35,0.12781466872367722,0.1505134137773823,0.10511592366997202,-0.005787443874542109,1.7885110675990947,1.4417750097775306,7.691493267657869,0.11823557730870678,0.991488067822575,Male,77,Mild AD,21.0
