id,category,first_author,year,title,journal,doi,pmid,verified,method,data,key_finding,limitation,public_data,notes
M01,mechanism,Iaccarino,2016,Gamma frequency entrainment attenuates amyloid load and modifies microglia,Nature,10.1038/nature20587,27929004,yes,Optogenetic 40 Hz drive of hippocampal PV interneurons + 1 h 40 Hz visual flicker; IHC/ELISA; RNA-seq of CA1,Mouse (5XFAD; APP/PS1; WT); acute 1 h and 7 days x 1 h/day; visual,40 Hz (not 20/80 Hz or random) reduced Abeta1-40/1-42 in visual cortex after 1 h and recruited/morphologically changed microglia; CA1 optogenetic 40 Hz changed microglia-related genes,Short durations; flicker effects reported for visual cortex (hippocampal effects in this paper came from optogenetics, not light); founding result later disputed (see D01-D04),GSE77471 (bulk RNA-seq CA1 after optogenetic 40 Hz; 6 samples; processed DE table downloadable) | Founding GENUS paper. Two Author Corrections exist (M02 2018: Extended Data Fig. 8 and Table 1 errors; M03 2024: author name update) | Crossref title/year/journal + PubMed PMID matched 2026-09-30
M02,dispute,Iaccarino,2018,Author Correction: Gamma frequency entrainment attenuates amyloid load and modifies microglia,Nature,10.1038/s41586-018-0351-4,30046102,yes,Published correction,n/a,Extended Data Fig. 8 and Extended Data Table 1 of M01 contained errors; corrected online,Correction text does not describe whether conclusions were affected,none,Included because the task asked for Iaccarino corrections; content per PubMed record | Crossref title/year/journal + PubMed PMID matched 2026-09-30
M03,dispute,Iaccarino,2024,Author Correction: Gamma frequency entrainment attenuates amyloid load and modifies microglia,Nature,10.1038/s41586-024-08343-7,39592835,yes,Published correction,n/a,Administrative correction: first author's name updated in HTML/PDF (per web-indexed correction text; Nature page paywalled to fetcher),Not a scientific correction; do not cite as evidence against M01,none,"Content summary from web search snippet of the correction notice, not full text | Crossref title/year/journal + PubMed PMID matched 2026-09-30"
M05,mechanism,Martorell,2019,Multi-sensory Gamma Stimulation Ameliorates Alzheimer's-Associated Pathology and Improves Cognition,Cell,10.1016/j.cell.2019.02.014,30879788,yes,"40 Hz auditory tones alone and combined audio-visual GENUS; electrophysiology (AC, CA1); IHC; SHIELD whole-brain clearing",Mouse (5XFAD; P301S); 7 days x 1 h/day; auditory and audiovisual,7 days auditory GENUS improved spatial/recognition memory and reduced amyloid in auditory cortex and hippocampus; reduced p-tau in P301S; only combined AV produced microglial clustering and mPFC amyloid reduction,Single lab; short treatment; recordings in mice with implants; not independently replicated for auditory arm,none found (PubMed-GEO elink empty),Key source for 'auditory 40 Hz reaches hippocampus' claim in mice | Crossref title/year/journal + PubMed PMID matched 2026-09-30
M06,mechanism,Adaikkan,2019,Gamma Entrainment Binds Higher-Order Brain Regions and Offers Neuroprotection,Neuron,10.1016/j.neuron.2019.04.011,31076275,yes,Chronic visual GENUS; LFP in V1/CA1/PFC; histology; transcriptomics and phosphoproteomics,Mouse (Tau P301S; CK-p25); weeks of daily 1 h; visual,"Visual GENUS entrained gamma in V1, hippocampus and PFC; preserved neuronal/synaptic density; reduced microglial inflammatory response and neuronal DNA damage",Neurodegeneration models not amyloid-driven; same lab; hippocampal entrainment disputed by D01/D05,GSE115244 (RNA-seq; 43 samples; CK-p25 and P301S +/- GENUS; RAW.tar downloadable),Crossref title/year/journal + PubMed PMID matched 2026-09-30
M07,mechanism,Garza,2020,Gamma Visual Stimulation Induces a Neuroimmune Signaling Profile Distinct from Acute Neuroinflammation,Journal of Neuroscience,10.1523/JNEUROSCI.1511-19.2019,31871276,yes,5-60 min 40 Hz vs control flicker; multiplex cytokine and phosphoprotein assays,Mouse (WT male); visual,"40 Hz flicker increased IL-6, IL-4, M-CSF, MIG and upregulated NF-kB and MAPK phospho-signaling; profile distinct from LPS inflammation",Healthy males only; visual cortex only; protein panels not omics-wide,none (multiplex data in paper),Singer lab (Georgia Tech/Emory) | Crossref title/year/journal + PubMed PMID matched 2026-09-30
M08,omics,Prichard,2023,Brain rhythms control microglial response and cytokine expression via NF-kB signaling,Science Advances,10.1126/sciadv.adf5672,37556553,yes,40 Hz vs 20 Hz visual/AV flicker; NF-kB inhibition; bulk RNA-seq visual cortex,Mouse (WT); 1 h; visual / audiovisual,40 and 20 Hz rhythms differentially shape microglial morphology and cytokines; phospho-NF-kB mostly in neurons; NF-kB inhibition blunted flicker-induced cytokines and microglial changes,Healthy mice; acute only,GSE226822 (bulk RNA-seq V1; ambient/20 Hz/40 Hz; n=4/group; 12 samples); GSE225842 (bulk RNA-seq V1; 20 vs 40 Hz; 14 samples; normalized counts CSV),Crossref title/year/journal + PubMed PMID matched 2026-09-30
M09,mechanism,Suk,2023,Vibrotactile stimulation at gamma frequency mitigates pathology related to neurodegeneration and improves motor function,Frontiers in Aging Neuroscience,10.3389/fnagi.2023.1129510,37273653,yes,Whole-body 40 Hz vibrotactile stimulation; c-Fos; histology; motor tests,Mouse (Tau P301S; CK-p25); multiple weeks daily; tactile,"40 Hz vibration increased activity in SSp/MOp, reduced pathology there and improved motor performance",Effects local to somatosensory/motor cortex; no amyloid model; single lab,none found,Tactile modality evidence | Crossref title/year/journal + PubMed PMID matched 2026-09-30
M10,mechanism,Murdock,2024,Multisensory gamma stimulation promotes glymphatic clearance of amyloid,Nature,10.1038/s41586-024-07132-6,38418876,yes,Audiovisual 40 Hz; CSF tracer influx/ISF efflux; AQP4 polarization; meningeal lymphatics; chemogenetics of VIP interneurons; snRNA-seq,"Mouse (5XFAD, 6 mo); acute and chronic; audiovisual","40 Hz AV increased CSF influx and ISF efflux, AQP4 polarization and meningeal lymphatic diameter; blocking glymphatic clearance abolished amyloid removal; VIP interneurons regulate arterial pulsatility",Depends on glymphatic tracer paradigms whose interpretation is contested (D08-D10); single lab,"GSE249644 (snRNA-seq cortex; 4 pooled replicates x 2 groups, each pool = 3 mice; counts.rds + meta.rds downloadable)",Crossref title/year/journal + PubMed PMID matched 2026-09-30
M11,mechanism,Rodrigues-Amorim,2024,Multisensory gamma stimulation mitigates the effects of demyelination induced by cuprizone in male mice,Nature Communications,10.1038/s41467-024-51003-7,39112447,yes,Long-term audiovisual GENUS during cuprizone demyelination; histology; electrophysiology; snRNA-seq of corpus callosum,Mouse (C57BL/6J male; cuprizone); weeks; audiovisual,"GENUS reduced demyelination, promoted oligodendrogenesis, preserved synaptic plasticity, reduced oligodendrocyte ferroptosis and inflammation",Males only; toxic demyelination model rather than AD,"GSE240815 (snRNA-seq corpus callosum; 16 mice; ~37,000 nuclei; RAW.tar downloadable)",Myelin/oligodendrocyte mechanism; matches human white-matter signal in H06 | Crossref title/year/journal + PubMed PMID matched 2026-09-30
M12,mechanism,Kim,2024,Gamma entrainment using audiovisual stimuli alleviates chemobrain pathology and cognitive impairment induced by chemotherapy in mice,Science Translational Medicine,10.1126/scitranslmed.adf4601,38446899,yes,Audiovisual GENUS during/after cisplatin or methotrexate; behavior; histology; single-cell RNA-seq hippocampus,Mouse (cisplatin and methotrexate models); audiovisual,"GENUS given concurrently with chemotherapy reduced brain pathology, promoted oligodendrocyte survival, improved cognition (effects up to 105 days); limited benefit when started 90 days later",Not an AD model; timing-dependent effect,GSE216146 (scRNA-seq hippocampus; 12 samples; h5ad + mtx downloadable),Second oligodendrocyte-related GENUS dataset | Crossref title/year/journal + PubMed PMID matched 2026-09-30
M13,omics,Islam,2025,Multisensory gamma stimulation enhances adult neurogenesis and improves cognitive function in male mice with Down Syndrome,PLOS ONE,10.1371/journal.pone.0317428,40273201,yes,3 weeks daily 1 h 40 Hz AV; behavior; neurogenesis; hippocampal snRNA-seq,Mouse (Ts65Dn male); audiovisual,40 Hz AV enhanced adult neurogenesis and improved cognition in Down syndrome model mice,Males only; DS model; small snRNA-seq n,GSE243390 (snRNA-seq hippocampus; 6 samples; Seurat RData downloadable),Abstract not returned by PubMed efetch; summary from title and GEO description | Crossref title/year/journal + PubMed PMID matched 2026-09-30
M14,mechanism,Sun,2024,40 Hz light flickering facilitates the glymphatic flow via adenosine signaling in mice,Cell Discovery,10.1038/s41421-024-00701-z,39103336,yes,40 Hz light; fluorescent tracers; two-photon; DCE-MRI; ENT2/A2AR pharmacology and genetics,Mouse; visual,"40 Hz light enhanced glymphatic influx/efflux independent of sleep/anesthesia via adenosine-A2AR signaling, AQP4 polarization and vasomotion",Independent lab supports glymphatic claim but uses the same tracer framework contested in D08,none found,Independent (non-Tsai) support for M10 | Crossref title/year/journal + PubMed PMID matched 2026-09-30
M15,mechanism,Zhou,2024,40 Hz light flickering promotes sleep through cortical adenosine signaling,Cell Research,10.1038/s41422-023-00920-1,38332199,yes,Adenosine sensors; V1 ablation/chemogenetics; ENT2 knockout; small human insomnia study,Mouse + children with insomnia; visual,40 Hz (maximal at 4000 lux) raised cortical adenosine via neuronal ENT2 and increased NREM/REM sleep 2-3 h; also improved sleep in children with insomnia,Very bright light; sleep effect may confound cognitive and clearance outcomes in other studies,none found,"Links flicker to sleep, relevant to D08-D10 sleep/clearance debate | Crossref title/year/journal + PubMed PMID matched 2026-09-30"
M16,mechanism,Lavoie,2024,The role of cholinergic signaling in multi-sensory gamma stimulation induced perivascular clearance of amyloid,bioRxiv (preprint),10.1101/2024.11.27.625739,39651179,yes,Whole-brain activity mapping; ACh sensors; vascular imaging; cholinergic inhibition,Mouse (AD model); audiovisual,"GENUS engaged cholinergic basal forebrain, increased cortical ACh, vasodilation, vasomotion and perivascular clearance; cholinergic blockade abolished amyloid reduction",Preprint (not peer reviewed as of search); note Soula D01 linked flicker to aversive cholinergic activity,not checked,Tsai lab; cholinergic mechanism could reflect arousal/aversion rather than therapy | Crossref title/year/journal + PubMed PMID matched 2026-09-30
M17,mechanism,Paulson,2025,40 Hz sensory stimulation enhances CA3-CA1 coordination and prospective coding during navigation in a mouse model of Alzheimer's disease,Proceedings of the National Academy of Sciences,10.1073/pnas.2419364122,40261930,yes,Large-scale hippocampal unit recordings during navigation after 8 days of 1 h AV flicker,Mouse (5XFAD); audiovisual,40 Hz flicker increased CA3-CA1 coordination and prospective coding of future positions during navigation,Recordings not during stimulation; short treatment,none found,Singer lab; hippocampal effect without requiring entrainment during recording | Crossref title/year/journal + PubMed PMID matched 2026-09-30
M18,mechanism,Trinchero,2026,Audiovisual gamma stimulation restores hippocampal neurogenesis and neural circuit plasticity in aging mice,Molecular Psychiatry,10.1038/s41380-025-03436-9,41454133,yes,40 Hz AV (AuViS); dentate gyrus LFP; neurogenesis; TrkB dependence,Mouse (middle-aged WT); audiovisual,"AuViS increased dentate gyrus gamma, restored neurogenesis and newborn neuron maturation; TrkB-dependent",Healthy aging not AD,not checked,Independent lab (Argentina) | Crossref title/year/journal + PubMed PMID matched 2026-09-30
M19,mechanism,Bitarafan,2025,Frequency and duration of sensory flicker control transcriptional profiles in 5xFAD mice,APL Bioengineering,10.1063/5.0261497,40642323,yes,AV flicker at multiple frequencies and durations; bulk transcriptomics in V1 and hippocampus,Mouse (5XFAD and WT); audiovisual,All frequencies rapidly activated an immune gene module in visual cortex within 0.5 h and suppressed synaptic genes after 4 h; in hippocampus 20 Hz (not 40 Hz) activated metabolic/mitochondrial module,Frequency-specificity of 40 Hz not supported for immune module in V1,"Probably GSE255004 (176 samples; WT and 5xFAD; VC and hippocampus; 10/20/40 Hz and light; 3 time points; raw count CSV) - GEO title differs and no PMID link, so linkage UNCONFIRMED",Singer lab | Crossref title/year/journal + PubMed PMID matched 2026-09-30
M20,mechanism,Tinston,2025,Forty-hertz sensory entrainment impedes kindling epileptogenesis and reduces amyloid pathology in an Alzheimer disease mouse model,Epilepsia,10.1111/epi.18222,39737719,yes,1 h/day 40 Hz AV vs sham during amygdala kindling; histology,Mouse (5XFAD and WT; n=7-11/group); audiovisual,40 Hz slowed kindling epileptogenesis and reduced amyloid ~50% in 5XFAD; astro/microglia markers upregulated,Small groups; kindling model,none found,Independent lab (Canada) | Crossref title/year/journal + PubMed PMID matched 2026-09-30
M21,mechanism,Gu,2026,High intensity 40 Hz flicker improves amyloid pathology and cognition with autophagy in 3xTg mice,iScience,10.1016/j.isci.2026.115994,42239728,yes,40 Hz visual at 100-500 vs 1100-1500 lux; behavior; AMPK/mTOR/autophagy markers; 3-MA blockade,"Mouse (3xTg-AD, 19-24 weeks); visual","Only high-intensity flicker improved cognition, reduced neuronal Abeta and preserved synapses in V1 and hippocampus; low intensity mostly V1 changes",Suggests dose (luminance) explains some replication failures; single study,not checked,Relevant to D01/D02 parameter differences | Crossref title/year/journal + PubMed PMID matched 2026-09-30
M22,mechanism,Bressan,2026,Visual gamma stimulation causes prolonged enhancement of low-frequency blood flow oscillations across superficial cortical regions in mice,Journal of Cerebral Blood Flow & Metabolism,10.1177/0271678X261492627,42751925,yes,Laser speckle contrast imaging before/during/after 1 h 40 Hz vs constant light,"Mouse (C57BL/6, n=18, 9M/9F, 18-60 weeks); visual",GENUS increased 0.2-0.4 Hz vasomotion by 38% during and 30% 30 min after stimulation across many cortical regions,Healthy mice; surface cortex only; online-first (EXPRESS),not checked,Vasomotion mechanism; preprint version 10.64898/2026.05.31.729102 | Crossref title/year/journal + PubMed PMID matched 2026-09-30
M23,mechanism,Wang,2026,Long-term effects of forty-hertz auditory stimulation as a treatment of Alzheimer's disease: Insights from an aged monkey model study,Proceedings of the National Academy of Sciences,10.1073/pnas.2529565123,41490490,yes,7 days 40 Hz auditory stimulation; serial CSF Abeta/tau; postmortem pathology in 4,"Rhesus macaque (n=9, aged 26-31 y); auditory",CSF Abeta rose >200% and stayed elevated >5 weeks after stimulation; no CSF tau change; plaques present in temporal cortex of examined monkeys,No sham/control group described in abstract; CSF Abeta rise interpreted as clearance but could reflect other processes; n=9,not checked,Only non-human primate 40 Hz sensory study found | Crossref title/year/journal + PubMed PMID matched 2026-09-30
M25,mechanism,Katsuki,2026,Early Loss of Deep Restorative Sleep and Auditory Stimulus Evoked 40-Hz activity of Hippocampal Parvalbumin Neurons in the APP/PS1 Mouse Model of Alzheimer's Disease,bioRxiv (preprint),10.64898/2026.05.26.725476,42427748,yes,Longitudinal LFP + fiber photometry of hippocampal PV neurons; 40 Hz auditory steady-state responses,"Mouse (APP/PS1/PV-cre, 3-6 months); auditory ASSR","40 Hz ASSR and PV calcium responses were impaired by 3 months, before cognitive deficits","Preprint; animal ASSR (contrast with increased ASSR in human AD, A01-A02)",not checked,Animal counterpart for human_ASSR rows | Crossref title/year/journal + PubMed PMID matched 2026-09-30
D01,dispute,Soula,2023,Forty-hertz light stimulation does not entrain native gamma oscillations in Alzheimer's disease model mice,Nature Neuroscience,10.1038/s41593-023-01270-2,36879142,yes,"Multisite silicon probes (V1, entorhinal cortex, hippocampus); 2-photon imaging; IHC; Abeta ELISA",Mouse (APP/PS1; 5xFAD); visual,"40 Hz flicker did not engage native gamma; weak hippocampal spike responses; mice avoided the flicker (with elevated hippocampal cholinergic activity); no reliable change in plaques, microglia or Abeta40/42","Visual only; parameters (luminance, duration) differ from Tsai protocol",not checked,Buzsaki lab. Main failed replication | Crossref title/year/journal + PubMed PMID matched 2026-09-30
D02,dispute,Yang,2023,"Chronic Visual Stimulation with LED Light Flickering at 24, 40, or 80 Hz Failed to Reduce Amyloid beta Load in the 5XFAD Alzheimer's Disease Mouse Model",eNeuro,10.1523/ENEURO.0189-23.2023,37550065,yes,Daily 1 h continuous light or 24/40/80 Hz flicker for 5 weeks; IHC,"Mouse (5XFAD, 33 weeks old); visual",5 weeks of 40 Hz flicker did not increase microglial size or reduce Abeta in visual cortex or hippocampus,Older mice with heavy plaque load; no electrophysiology to confirm entrainment,none,Authors Yang and Lai (the 'Yang & Lai' paper in the brief) | Crossref title/year/journal + PubMed PMID matched 2026-09-30
D03,dispute,Kahn,2023,Gamma sensory stimulation and effects on the brain,bioRxiv (preprint),10.1101/2023.10.30.564197,none (not in PubMed by DOI search),yes,Multi-lab reanalysis and new data responding to D01,Mouse; visual/audiovisual,Tsai lab and collaborators argue 40 Hz stimulation evokes a 40 Hz neural response and attenuates pathology; Soula's data are consistent with a 40 Hz response and the disagreement is partly about the word 'entrainment',Preprint; not found as a peer-reviewed Matters Arising in Nature Neuroscience,none,No PMID found by DOI search; no published Matters Arising or reply found in Crossref/PubMed | Crossref title/year/journal + PubMed PMID matched 2026-09-30
D04,dispute,Schneider,2023,Cell-type-specific propagation of visual flicker,Cell Reports,10.1016/j.celrep.2023.112492,37195864,yes,"Neuropixels in LGN, V1 and CA1 during flicker; optotagging; computational model",Mouse (WT); visual,"Phase locking strong in LGN up to 40 Hz, weaker in V1, absent in CA1; 40 Hz mainly entrains fast-spiking PV/Sst interneurons",WT mice; acute,not checked,Vinck lab; independent support for 'light does not reach hippocampus' side | Crossref title/year/journal + PubMed PMID matched 2026-09-30
D05,dispute,Mlinaric,2025,Visual gamma stimulation induces 40 Hz neural oscillations in the human hippocampus and alters phase synchrony and lag,Communications Biology,10.1038/s42003-025-08766-6,40883560,yes,Intracranial EEG (490 contacts) during 40 Hz visual stimulation +/- oddball task,Human (11 refractory epilepsy patients); visual,40 Hz visual stimulation entrained hippocampus and temporal/frontal cortex; a simple task increased strength and spread of entrainment,"Epilepsy patients, not AD; acute",not checked,Human evidence on the opposite side of D01/D04; attention/task state may reconcile the dispute (speculative) | Crossref title/year/journal + PubMed PMID matched 2026-09-30
D06,dispute,Ismail,2018,The Effect of 40-Hz Light Therapy on Amyloid Load in Patients with Prodromal and Clinical Alzheimer's Disease,International Journal of Alzheimer's Disease,10.1155/2018/6852303,30155285,yes,"10 days, 2 h/day 40 Hz LED; PiB PET day 11",Human (n=6 Abeta+ prodromal/clinical AD); visual,No significant decrease in PiB SUVR in any region,"Very small, short, uncontrolled; no EEG confirmation of entrainment",none,Journal is Int J Alzheimer's Dis (not J Alzheimer's Dis as in the brief) | Crossref title/year/journal + PubMed PMID matched 2026-09-30
D07,dispute,Wu,2025,"Single-session gamma sensory stimulation entrains real-time electroencephalography but does not enhance perception, attention, short-term memory, or long-term memory",Journal of Alzheimer's Disease Reports,10.1177/25424823241311927,40034515,yes,30 min synchronized 40 Hz AV; EEG during and after; cognitive battery,Human (participants per full text); audiovisual,Robust online 40 Hz entrainment but no post-stimulation 40 Hz oscillation and no cognitive improvement,Single session only,not checked,Human null result on after-effects | Crossref title/year/journal + PubMed PMID matched 2026-09-30
D08,dispute,Miao,2024,Brain clearance is reduced during sleep and anesthesia,Nature Neuroscience,10.1038/s41593-024-01638-y,38741022,yes,Fluorescent tracer movement and clearance measurements across sleep/wake/anesthesia,Mouse (male); n/a stimulation,"Brain clearance was reduced, not increased, during sleep and anesthesia; tracer movement independent of state","Method differences from glymphatic labs are themselves disputed (D09, D10)",not checked,Franks/Wisden lab. Author Correction 10.1038/s41593-024-01698-0 (PMID 38877307). Challenges the glymphatic framework used by M10 and M14 | Crossref title/year/journal + PubMed PMID matched 2026-09-30
D09,dispute,Hauglund,2025,Norepinephrine-mediated slow vasomotion drives glymphatic clearance during sleep,Cell,10.1016/j.cell.2024.11.027,39788123,yes,"Imaging of NE oscillations, vasomotion and CSF flow in NREM sleep; pharmacology",Mouse; n/a stimulation,Infraslow NE-driven vasomotion during NREM sleep drives glymphatic clearance,Opposes D08; debate unresolved,not checked,"Nedergaard lab; vasomotion link connects to M14, M22 | Crossref title/year/journal + PubMed PMID matched 2026-09-30"
D10,dispute,Kroesbergen,2024,Glymphatic clearance is enhanced during sleep,bioRxiv (preprint),10.1101/2024.08.24.609514,39314459,yes,Tracer clearance measurements in sleep vs wake,Mouse; n/a stimulation,"Reports enhanced clearance during sleep, contradicting D08",Preprint,not checked,Direct counter to D08 | Crossref title/year/journal + PubMed PMID matched 2026-09-30
D11,dispute,Lo,2025,Invisible multi-luminaire 40 Hz flicker does not entrain human electroencephalography,Journal of Alzheimer's Disease,10.1177/13872877251345352,40397383,yes,EEG during commercial 'invisible' multi-luminaire 40 Hz lamp vs stroboscopic control,Human (healthy participants); visual,No 40 Hz EEG response to the multi-luminaire lamp in direct or indirect viewing; stroboscopic control entrained all participants,Tests one commercial product,not checked,Consumer 40 Hz lamps may not deliver any stimulus effect | Crossref title/year/journal + PubMed PMID matched 2026-09-30
D13,dispute,Qi,2026,"Neurobiological mechanisms of 40-Hz stimulation in Alzheimer's disease: evidence, heterogeneity, and constraints",Alzheimer's & Dementia,10.1002/alz.71806,42693677,yes,Narrative review,n/a,"Synthesizes supportive and conflicting data; distinguishes 'physiological resonance' from 'artificial superimposition'; points to disease stage, sex and behavioral state as sources of heterogeneity",Review (secondary source),none,Most recent (Sept 2026) synthesis of the dispute | Crossref title/year/journal + PubMed PMID matched 2026-09-30
H01,human_trial,Chan,2022,Gamma frequency sensory stimulation in mild probable Alzheimer's dementia patients: Results of feasibility and pilot studies,PLOS ONE,10.1371/journal.pone.0278412,36454969,yes,"Phase 1 single-session feasibility (NCT04042922) + single-blind randomized placebo-controlled Phase 2A for 3 months (NCT04055376); EEG, iEEG, MRI","Human (Ph1: 25 controls, 16 mild AD, 2 iEEG epilepsy; Ph2A: n=15 mild AD); audiovisual","Safe; entrainment in cortex and in hippocampus/amygdala on iEEG (n=2); 40 Hz group had less ventricular dilation and hippocampal atrophy, higher DMN connectivity, better face-name delayed recall",n=15 in Phase 2A; exploratory outcomes; no amyloid change reported,none,MIT (Tsai lab) | Crossref title/year/journal + PubMed PMID matched 2026-09-30
H02,human_trial,Chan,2025,Gamma sensory stimulation in mild Alzheimer's dementia: An open-label extension study,Alzheimer's & Dementia,10.1002/alz.70792,41137616,yes,Open-label 2-year extension; EEG; MRI; actigraphy; plasma pTau217,Human (n=5 mild AD; 3 late-onset); audiovisual,No adverse events; 3 late-onset AD patients kept strong entrainment and declined less than matched NACC/ADNI/LEADS controls; pTau217 fell 47% and 19% in the 2 with plasma,"n=5, open-label, external controls; biomarker n=2",none,Extension of H01 Phase 2A | Crossref title/year/journal + PubMed PMID matched 2026-09-30
H03,human_trial,He,2021,A feasibility trial of gamma sensory flicker for patients with prodromal Alzheimer's disease,Alzheimer's & Dementia: Translational Research & Clinical Interventions,10.1002/trc2.12178,34027028,yes,Delayed-start 4 or 8 weeks home AV flicker; EEG; MRI; CSF proteomics,Human (n=10 MCI due to AD); audiovisual,"Safe, tolerable, adherent; neural entrainment; preliminary network (MRI) and CSF immune changes",No control group; amyloid PET outcome not stated in abstract (check full text before claiming 'no amyloid change'),none,Emory/Georgia Tech (Singer); FLICKER trial NCT03543878 | Crossref title/year/journal + PubMed PMID matched 2026-09-30
H04,human_trial,Cimenser,2021,Sensory-Evoked 40-Hz Gamma Oscillation Improves Sleep and Daily Living Activities in Alzheimer's Disease Patients,Frontiers in Systems Neuroscience,10.3389/fnsys.2021.746859,34630050,yes,Randomized sham-controlled 6 months; actigraphy; ADCS-ADL,"Human (n=22 mild-moderate AD; 14 active, 8 sham); audiovisual (Cognito device)",Active group had fewer nighttime active periods and maintained ADCS-ADL; sham declined,"Small; registered as NCT03556280 (same trial as H05), so partly overlapping data",none,Cognito Therapeutics | Crossref title/year/journal + PubMed PMID matched 2026-09-30
H05,human_trial,Hajos,2024,"Safety, tolerability, and efficacy estimate of evoked gamma oscillation in mild to moderate Alzheimer's disease",Frontiers in Neurology,10.3389/fneur.2024.1343588,38515445,yes,OVERTURE: randomized double-blind sham-controlled 6 months (NCT03556280),"Human (n=76 mild-moderate AD, MMSE 14-26, 2:1 active:sham); audiovisual","Safe, no ARIA, 85-90% adherence; NO separation on primary MADCOMS or on CDR-SB/ADAS-Cog14; nominal slowing on ADCS-ADL, MMSE and whole-brain volume",Not powered for efficacy; primary efficacy composite negative; secondary results nominal only,none,Cognito Therapeutics; basis for HOPE (H14) | Crossref title/year/journal + PubMed PMID matched 2026-09-30
H06,human_trial,Da,2024,Noninvasive Gamma Sensory Stimulation May Reduce White Matter and Myelin Loss in Alzheimer's Disease,Journal of Alzheimer's Disease,10.3233/JAD-230506,38073386,yes,OVERTURE MRI secondary analysis (T1w volume; T1w/T2w myelin),"Human (n=38 white matter, n=36 myelin); audiovisual","Active treatment associated with less white matter atrophy and myelin content loss, strongest in entorhinal region",Post hoc subset of H05; sponsor-authored,none,Human counterpart to M11 myelin finding | Crossref title/year/journal + PubMed PMID matched 2026-09-30
H07,human_trial,Da,2024,Spectris treatment preserves corpus callosum structure in Alzheimer's disease,Frontiers in Neurology,10.3389/fneur.2024.1452930,39479005,yes,OVERTURE structural MRI; Bayesian mixed-effects,"Human (n=50; 33 active, 17 sham); audiovisual",Corpus callosum area loss reduced by ~2.3% vs sham at 6 months,Subset of H05; sponsor-authored,none,Crossref title/year/journal + PubMed PMID matched 2026-09-30
H08,human_trial,Hajos,2025,CSF proteomics reveals changes in myelin and synaptic biology after Spectris treatment,Alzheimer's & Dementia: Translational Research & Clinical Interventions,10.1002/trc2.70051,39935616,yes,TMT mass-spec CSF proteomics before and after 8 weeks (FLICKER NCT03543878),Human (n=10 amyloid+ MCI; n=5 at 8 weeks); audiovisual,"110/2951 CSF proteins changed at P<0.05 (no FDR correction), mapped to myelin and synaptic modules",n=5 paired; no multiple-comparison correction; no control group,not stated in abstract (check full text),Human CSF proteomics; same cohort as H03 | Crossref title/year/journal + PubMed PMID matched 2026-09-30
H09,human_trial,Kern,2025,Time saved in activities of daily living and whole-brain volume: Post hoc analysis of a randomized feasibility trial of gamma oscillation treatment in participants with mild or moderate Alzheimer's disease,Alzheimer's & Dementia: Translational Research & Clinical Interventions,10.1002/trc2.70118,40501511,yes,Post hoc time-saved modelling of OVERTURE incl. open-label extension,Human (OVERTURE n=76); audiovisual,"Estimated 4.83, 4.59 and 4.09 months saved over 6 months on ADCS-ADL, MMSE and whole-brain volume",Post hoc; primary outcome negative; sponsor-authored,none,Crossref title/year/journal + PubMed PMID matched 2026-09-30
H10,human_trial,Clements-Cortes,2016,Short-Term Effects of Rhythmic Sensory Stimulation in Alzheimer's Disease: An Exploratory Pilot Study,Journal of Alzheimer's Disease,10.3233/JAD-160081,27031491,yes,AB crossover: 40 Hz sound (somatosensory/vibroacoustic) vs DVD visual control; 6 sessions each over 6 weeks; SLUMS,"Human (n=18 AD; 6 mild, 6 moderate, 6 severe); auditory/vibroacoustic",SLUMS slopes significant for 40 Hz treatment but not DVD; strongest in mild/moderate,No EEG; non-blinded; regression on small series,none,Auditory-only (sound/vibration) human study | Crossref title/year/journal + PubMed PMID matched 2026-09-30
H11,human_trial,Clements-Cortes,2022,Long-Term Multi-Sensory Gamma Stimulation of Dementia Patients: A Case Series Report,International Journal of Environmental Research and Public Health,10.3390/ijerph192315553,36497624,yes,"Case series; 40 Hz isochronous sound via vibroacoustic chair, 5x/week 30 min for 1 year",Human (n=3 AD/MCI); auditory/vibroacoustic,Cognition maintained and mood improved over a year,Case series; no controls; no EEG,none,Crossref title/year/journal + PubMed PMID matched 2026-09-30
H12,human_trial,Lahijanian,2024,Auditory gamma-band entrainment enhances default mode network connectivity in dementia patients,Scientific Reports,10.1038/s41598-024-63727-z,38849418,yes,EEG during 40 Hz auditory stimulation vs rest; phase-locking value connectivity,Human (elderly with dementia; n per OpenNeuro ds005048 = 35 subjects); auditory,40 Hz auditory stimulation increased fronto-parietal (DMN) synchrony during stimulation,"Single-session, acute; connectivity during stimulation may reflect the evoked response itself","OpenNeuro ds005048 v1.0.1 '40Hz Auditory Entrainment' (EEG, 35 subjects, ~373 MB; doi:10.18112/openneuro.ds005048.v1.0.1)","Link between paper and ds005048 taken from the brief and dataset authors (Lahijanian, Aghajan, Vahabi); dataset metadata verified via OpenNeuro API | Crossref title/year/journal + PubMed PMID matched 2026-09-30"
H13,human_trial,Lahijanian,2022,Non-invasive auditory brain stimulation for gamma-band entrainment in dementia patients: An EEG dataset,Data in Brief,10.1016/j.dib.2022.107839,35128001,yes,EEG dataset: rest + 6 x 40 Hz auditory chirp trials,"Human (n=13 elderly, normal aging or mild AD); auditory",Public BIDS EEG dataset of auditory 40 Hz entrainment in older adults / mild AD,Small; single session,OpenNeuro ds003800 'Auditory Gamma Entrainment' (13 subjects; verified via OpenNeuro API),Other agent may also list this dataset | Crossref title/year/journal + PubMed PMID matched 2026-09-30
H14,human_trial,Cognito Therapeutics (sponsor),2022,A Pivotal Study of Sensory Stimulation in Alzheimer's Disease (HOPE Study) - registry NCT05637801,ClinicalTrials.gov registry,none (registry NCT05637801),none,partial,Randomized double-blind sham-controlled pivotal device trial; primary endpoint iADMARS (integrated MMSE + ADCS-ADL),Human (n=673 actual; mild-moderate AD); audiovisual (Spectris AD),"Status COMPLETED: primary completion 2026-06-22, study completion 2026-08-17; no results posted (hasResults=false; last update 2026-09-09). No topline results found in web searches up to 2026-09-30; sponsor said in March 2026 topline 'expected later this year'",Results pending; primary efficacy of OVERTURE (H05) was negative,none (results not posted),"Verified via ClinicalTrials.gov API v2 on 2026-09-30. Other registered 40 Hz sensory trials found via CT.gov API: NCT05655195 (MIT chronic GENUS, n=60), NCT05776641 (MGH prevention in at-risk normals, n=200), NCT05260177 (Zealand 40 Hz light, n=62), NCT07087951 (Chang Gung auditory, n=70), NCT07758751 (Tiantan multisensory, n=60), NCT05984524 (gamma-music, n=60), NCT03657745 (ALZLIFE light+cognitive, n=2000 est.) | No DOI (trial registry); record checked via ClinicalTrials.gov API v2 2026-09-30"
H15,human_trial,Cognito Therapeutics (sponsor),2024,"Extension to a Pivotal Study of Sensory Stimulation in Alzheimer's Disease (OLE Hope Study, CA-0015) - registry NCT06245031",ClinicalTrials.gov registry,none (registry NCT06245031),none,partial,Open-label extension of HOPE,Human (n=402 est.); audiovisual (GS120),Enrolling by invitation; start 2024-02-29; est. completion 2027-03,Open-label,none,Verified via ClinicalTrials.gov API v2 on 2026-09-30 | No DOI (trial registry); record checked via ClinicalTrials.gov API v2 2026-09-30
H17,human_trial,Johns Hopkins University (sponsor),2022,The Power of Sound and Music Interventions for Older Adults With Mild Cognitive Impairment - registry NCT05064007,ClinicalTrials.gov registry,none (registry NCT05064007),none,partial,Randomized 3-arm: 40 Hz music vs 40 Hz sound vs preferred music; Cogstate battery,Human (n=52 MCI); auditory-only,"Completed 2025-04; results posted on registry (episodic memory change: 40 Hz music -0.07, 40 Hz sound 0.07, preferred music 0.06); no linked results paper found",Small; no EEG entrainment outcome listed in first outcomes,Registry results tables (ClinicalTrials.gov),Only registered auditory-only 40 Hz RCT in MCI with posted results found; qualitative paper 10.1016/j.gerinurse.2024.02.005 (not verified here) | No DOI (trial registry); record checked via ClinicalTrials.gov API v2 2026-09-30
H18,human_trial,Park,2026,Restoration of gamma center frequency via personalized entrainment marks cognitive preservation in early Alzheimer's disease,GeroScience,10.1007/s11357-026-02235-6,41957314,yes,Open-label 12 weeks home flicker at individually optimized 32-40 Hz; 64-ch EEG; MMSE,"Human (screened 37, enrolled 16 amyloid+ early AD); visual","~30% of screened failed to show baseline entrainment; 44% showed center-frequency increase, which correlated with cognitive preservation (r=0.52)","Open-label, no sham, n=16",not checked,Responder/non-responder subtype | Crossref title/year/journal + PubMed PMID matched 2026-09-30
H19,human_trial,Reis,2026,Feasibility of immersive 40 Hz gamma sensory stimulation in early-stage Alzheimer's disease,The Journal of Prevention of Alzheimer's Disease,10.1016/j.tjpad.2026.100679,42790402,yes,Single-session within-subject sham-controlled VR audiovisual 40 Hz; EEG; memory,Human (n=11 MCI due to AD or mild AD); audiovisual VR,Safe; stronger 40 Hz EEG response than baseline and sham; exploratory better recall for items encoded during 40 Hz,"Single session, n=11",not checked,Pilot in healthy older adults: Reis 2025 Sci Rep 10.1038/s41598-025-13725-6 | Crossref title/year/journal + PubMed PMID matched 2026-09-30
H20,human_trial,Ang,2025,The safety and efficacy of gamma frequency auditory and visual stimulation in the treatment of alzheimer's disease: a systematic review and meta-analysis,Translational Psychiatry,10.1038/s41398-025-03788-4,41381439,yes,Systematic review and meta-analysis of controlled trials to Nov 2025,"Human (11 studies, 341 participants); auditory/visual","Safe overall (tinnitus risk higher); structural brain measures improved but NO significant effect on cognition (SMD 0.16, P=0.55) or ADL",High heterogeneity; many small sponsor-linked trials,none,Crossref title/year/journal + PubMed PMID matched 2026-09-30
H21,human_trial,Bolland,2025,Efficacy of auditory gamma stimulation for cognitive decline: a systematic review of individual and group differences across cognitively impaired and healthy populations,npj Aging,10.1038/s41514-025-00305-1,41350292,yes,Systematic review (62 studies),Human; auditory,Animal findings on amyloid clearance and neuroinflammation not consistently replicated in humans; neurophysiological response did not reliably predict benefit; 32 different neurophysiological measures used,Review,none,Supports auditory-only gap statements | Crossref title/year/journal + PubMed PMID matched 2026-09-30
T01,tACS,Benussi,2021,"Exposure to gamma tACS in Alzheimer's disease: A randomized, double-blind, sham-controlled, crossover, pilot study",Brain Stimulation,10.1016/j.brs.2021.03.007,33762220,yes,Single 60 min 40 Hz tACS over Pz vs sham; crossover; TMS SAI (cholinergic),Human (n=20 MCI-AD); tACS,Improved RAVLT recall after one gamma tACS session; cholinergic marker modulated,Single session; acute memory effect,none,Crossref title/year/journal + PubMed PMID matched 2026-09-30
T02,tACS,Benussi,2022,Increasing Brain Gamma Activity Improves Episodic Memory and Restores Cholinergic Dysfunction in Alzheimer's Disease,Annals of Neurology,10.1002/ana.26411,35607946,yes,Single 60 min gamma tACS over precuneus vs sham; crossover; EEG in subset,Human (n=60 AD); tACS,Improved RAVLT immediate/delayed recall and face-name associations vs sham; SAI restored,Single session,none,Crossref title/year/journal + PubMed PMID matched 2026-09-30
T03,tACS,Dhaynaut,2022,Impact of 40 Hz Transcranial Alternating Current Stimulation on Cerebral Tau Burden in Patients with Alzheimer's Disease: A Case Series,Journal of Alzheimer's Disease,10.3233/JAD-215072,34958021,yes,"1 h/day 40 Hz bitemporal tACS for 4 weeks; PiB, FTP (tau) and PBR28 (microglia) PET",Human (n=4 mild-moderate AD); tACS,p-tau PET fell >2% in 3/4 patients in targeted temporal regions; EEG gamma power increased,"n=4, no control",none,MGH/Santarnecchi group (NCT03880240 family) | Crossref title/year/journal + PubMed PMID matched 2026-09-30
T04,tACS,Sprugnoli,2021,Impact of multisession 40Hz tACS on hippocampal perfusion in patients with Alzheimer's disease,Alzheimer's Research & Therapy,10.1186/s13195-021-00922-4,34930421,yes,"40 Hz tACS 1 h/day for 2-4 weeks, temporal lobe; ASL MRI",Human (n=15 mild-moderate AD); tACS,Increased bilateral temporal perfusion; correlated with episodic memory change,Open-label,none,Vascular mechanism parallel to M22 | Crossref title/year/journal + PubMed PMID matched 2026-09-30
T05,tACS,Jones,2023,Gamma neuromodulation improves episodic memory and its associated network in amnestic mild cognitive impairment: a pilot study,Neurobiology of Aging,10.1016/j.neurobiolaging.2023.04.005,37276822,yes,Eight 60 min 40 Hz tACS sessions; memory; plasma AD biomarkers; RSFC,Human (n=13 aMCI); tACS,Memory improved; NO change in plasma AD biomarkers,Open-label pilot,none,Crossref title/year/journal + PubMed PMID matched 2026-09-30
T06,tACS,Cantoni,2025,Home-Based Gamma Transcranial Alternating Current Stimulation in Patients With Alzheimer Disease: A Randomized Clinical Trial,JAMA Network Open,10.1001/jamanetworkopen.2025.46556,41359335,yes,Double-blind sham-controlled 8 weeks home gamma tACS over precuneus (5x/week) + 8 weeks open-label,Human (n=50 prodromal/mild AD); tACS,"Significant benefit on CDR-SB, ADAS-Cog, ADCS-ADL and face-name test vs sham; gamma power and cholinergic markers increased; no plasma biomarker change",Single centre; short duration; small absolute effects,none,NCT05643326 (tACS@Home). Crossref title omits the subtitle 'A Randomized Clinical Trial' that PubMed shows | Crossref title/year/journal + PubMed PMID matched 2026-09-30
T07,tACS,Ma,2026,40 Hz biparietal transcranial alternating current stimulation for Alzheimer's disease: a prospective study,BMC Medicine,10.1186/s12916-026-04983-w,42363162,yes,"Randomized tACS vs sham, 15 days x 30 min biparietal; TMS-EEG; fMRI; 10-week follow-up",Human (mild AD; n per full text); tACS,Improved global cognition and several domains; increased DMN connectivity,Retrospectively registered; single centre,none,Crossref title/year/journal + PubMed PMID matched 2026-09-30
A01,human_ASSR,van Deursen,2011,40-Hz steady state response in Alzheimer's disease and mild cognitive impairment,Neurobiology of Aging,10.1016/j.neurobiolaging.2009.01.002,19237225,yes,EEG 40 Hz auditory click-train SSR; 1-week test-retest,"Human (15 mild AD, 20 MCI, 20 controls); auditory",40 Hz SSR power INCREASED in AD vs MCI and controls; high test-retest reliability; correlated with ADAS-cog,Small; drug-naive but mild AD only,none,Contradicts assumption that AD brains cannot generate 40 Hz responses | Crossref title/year/journal + PubMed PMID matched 2026-09-30
A02,human_ASSR,Osipova,2006,Enhanced magnetic auditory steady-state response in early Alzheimer's disease,Clinical Neurophysiology,10.1016/j.clinph.2006.05.034,16887381,yes,MEG 40 Hz monaural ASSR; dipole modelling,Human (mild-moderate AD vs age-matched controls); auditory,ASSR significantly INCREASED in AD; interpreted as reduced inhibition,Small; older methods,none,Crossref title/year/journal + PubMed PMID matched 2026-09-30
A03,human_ASSR,Shahmiri,2017,Effect of Mild Cognitive Impairment and Alzheimer Disease on Auditory Steady-State Responses,Basic and Clinical Neuroscience,10.18869/nirp.bcn.8.4.299,29158880,yes,"ASSR thresholds at 40 and 80 Hz modulation, 500-2000 Hz carriers","Human (12 AD, 15 MCI, 15 controls); auditory",Normal 40 vs 80 Hz threshold differences were largely lost in MCI and absent in AD,"Threshold (audiological) measure, not amplitude/phase-locking; small",none,Crossref title/year/journal + PubMed PMID matched 2026-09-30
A04,human_ASSR,Dobri,2023,Synchrony in auditory 40-Hz gamma oscillations increases in older age and correlates with hearing abilities and cortical GABA levels,Imaging Neuroscience,10.1162/imag_a_00035,40799718,yes,MEG 40 Hz ASSR in quiet and babble noise; MRS GABA,Human (young vs older adults); auditory,40 Hz ASSR amplitude increased in older adults; larger ASSR in noise linked to worse hearing; related to auditory cortex GABA,Healthy aging only; no AD,none,Shows aging itself raises ASSR - confound for AD comparisons | Crossref title/year/journal + PubMed PMID matched 2026-09-30
A05,human_ASSR,Mockevicius,2026,Developmental and aging trajectories of 40-Hz auditory steady-state responses: A systematic review across the human lifespan,Developmental Cognitive Neuroscience,10.1016/j.dcn.2026.101690,41671727,yes,Systematic review (40 studies),Human; auditory,"In adulthood/aging, findings heterogeneous (preserved, diminished or enhanced 40 Hz synchronization); sparse older-adult and longitudinal data",Review,none,Crossref title/year/journal + PubMed PMID matched 2026-09-30
A06,human_ASSR,Mao,2025,Auditory steady state response can predict declining EF in healthy elderly individuals,Frontiers in Aging Neuroscience,10.3389/fnagi.2025.1516932,39968122,yes,Longitudinal 40 Hz ASSR + cognition in Metropolit Birth Cohort; GLM; vision transformer,Human (healthy older adults aged 61-68); auditory,Individuals with declining cognition had larger area of entrainment and delayed ASSR assembly; associated with poorer executive function,Not AD-diagnosed; single cohort,not checked,"Again, 'more' ASSR tracks decline | Crossref title/year/journal + PubMed PMID matched 2026-09-30"
A07,human_ASSR,Murty,2021,Stimulus-induced gamma rhythms are weaker in human elderly with mild cognitive impairment and Alzheimer's disease,eLife,10.7554/eLife.61666,34099103,yes,EEG during large gratings (induced gamma) and SSVEP,"Human (N=244; 227 healthy, 12 MCI, 5 AD); visual","Stimulus-induced (native) gamma lower in MCI/AD, but steady-state visual evoked responses were NOT different",Very small MCI/AD groups,not checked,Native gamma vs driven steady-state response dissociate - central to D01 argument | Crossref title/year/journal + PubMed PMID matched 2026-09-30
A08,human_ASSR,Ke,2025,The bidirectional effect of attention on gamma sensory stimulation: 40 Hz entrainment is weakened by externally-induced distraction but enhanced by internally-induced distraction,Journal of Alzheimer's Disease,10.1177/13872877251376383,40938966,yes,EEG 40 Hz entrainment under attention/distraction manipulations,Human (sample size per full text); auditory 40 Hz clicks,"40 Hz ASSR strong when attending, even stronger with internal (mind-wandering) distraction, minimal when a podcast competed with the clicks",Healthy participants; small sample per authors,not checked,Relevant to D05 task effect and to home-use designs that add audio content; other agent covers measurement | Crossref title/year/journal + PubMed PMID matched 2026-09-30
