id,category,first_author,year,title,journal,doi,pmid,verified,method,data,key_finding,limitation,relevance_to_project,notes
MEA01,measurement,Lachaux,1999,Measuring phase synchrony in brain signals,Human Brain Mapping,10.1002/(SICI)1097-0193(1999)8:4<194::AID-HBM4>3.0.CO;2-C,10619414,yes,"Phase-locking value (PLV): consistency of the phase difference between two signals across trials, with surrogate statistics",Simulations + human scalp EEG,Introduced PLV to quantify inter-site phase synchrony separately from amplitude,Inflated by volume conduction/common reference and by a shared driven input; biased upward with few trials,ds005048's paper (DAT01) reports inter-site PLV during 40 Hz sound; a common 40 Hz evoked source seen at many electrodes can raise PLV without any real interaction between areas,
MEA02,measurement,Stam,2007,Phase lag index: Assessment of functional connectivity from multi channel EEG and MEG with diminished bias from common sources,Human Brain Mapping,10.1002/hbm.20346,17266107,yes,Phase lag index (PLI): asymmetry of the phase-difference distribution; ignores zero-lag coupling,Coupled-oscillator model; EEG absence seizure; EEG 15 AD vs 13 controls; 2 MEG sets,PLI much less affected by common sources/reference than phase coherence; detected beta-band connectivity changes in AD,"Discards true zero-lag coupling; discontinuous near 0/pi; biased by noise and sample size (fixed by wPLI, MEA03)",Lag-insensitive alternative to PLV for 40 Hz connectivity claims in dementia EEG,
MEA03,measurement,Vinck,2011,"An improved index of phase-synchronization for electrophysiological data in the presence of volume-conduction, noise and sample-size bias",NeuroImage,10.1016/j.neuroimage.2011.01.055,21276857,yes,Weighted PLI (wPLI) and debiased wPLI estimator,Simulations + LFP/EEG examples,"wPLI weights by imaginary cross-spectrum magnitude, reducing noise sensitivity and sample-size bias vs PLI/ImC",Still blind to zero-lag interactions; needs enough trials; source leakage partly persists,Recommended connectivity metric to re-test the 'frontal-parietal PLV increase' in DAT01 without volume-conduction inflation,
MEA04,measurement,Tallon-Baudry,1996,Stimulus Specificity of Phase-Locked and Non-Phase-Locked 40 Hz Visual Responses in Human,The Journal of Neuroscience,10.1523/JNEUROSCI.16-13-04240.1996,8753885,yes,Time-frequency split into phase-locked (evoked) vs non-phase-locked (induced) gamma,"Human EEG, n=8, visual illusory-triangle task","Evoked (~40 Hz, ~100 ms) and induced (~280 ms) gamma behave differently across stimuli","Visual, young adults, transient not steady-state stimulation",Basis for splitting the 40 Hz response into evoked power (average first) vs total/induced power (single-trial first); PAC or 'entrainment' measured on total power mixes the two,
MEA05,measurement,Meigen,1999,On the statistical significance of electrophysiological steady-state responses,Documenta Ophthalmologica,10.1023/A:1002097208337,10945442,yes,Significance of steady-state responses: SNR against noise estimated from the two neighboring spectral lines,Analytical derivation for ERG/PERG/VEP steady-state recordings,Noise estimated from neighboring bins is far more sensitive than a separate no-stimulus recording (5% significance at SNR 2.82 vs 4.36),Assumes a smooth noise spectrum near the response frequency; the 1/f slope and line noise break this,Gives a principled 40 Hz SNR vs neighboring-bin test for per-window/per-subject entrainment detection; bias from 1/f slope in older adults should be checked (MEA07),
MEA06,measurement,van Diepen,2018,The Caveats of observing Inter-Trial Phase-Coherence in Cognitive Neuroscience,Scientific Reports,10.1038/s41598-018-20423-z,29445210,yes,Simulations of how power changes and evoked responses affect inter-trial phase coherence (ITPC),Simulated EEG,"Apparent ITPC changes can happen with no real change in ongoing phase, caused by power changes or overlapping evoked responses",Simulation-only; focused on alpha and pre-stimulus phase,ITPC/phase-locking to 40 Hz sound cannot by itself separate 'entrained oscillator' from 'repeated evoked response',
MEA07,measurement,Donoghue,2020,Parameterizing neural power spectra into periodic and aperiodic components,Nature Neuroscience,10.1038/s41593-020-00744-x,33230329,yes,FOOOF/specparam: fits the power spectrum as an aperiodic 1/f part plus Gaussian peaks,Simulations + human EEG/MEG/LFP (incl. aging working-memory data),Band power conflates periodic and aperiodic changes; the aperiodic exponent/offset change with age and state,Peak fitting is fragile when a narrow driven 40 Hz line sits on a broad spectrum; settings affect results,"Needed to express 40 Hz SNR relative to the individual aperiodic background, because older/dementia EEG has a different 1/f slope",
MEA08,entrainment_vs_evoked,Ross,2005,Stimulus Induced Desynchronization of Human Auditory 40-Hz Steady-State Responses,Journal of Neurophysiology,10.1152/jn.00469.2005,16107530,yes,"MEG 40 Hz ASSR (500 Hz tone, 40 Hz AM) with a concurrent contralateral noise burst","Human MEG, healthy young adults","Noise burst cut ASSR amplitude for ~250 ms, longer than the burst's own gamma response, so linear superposition cannot explain it; the ASSR then built up again as after onset",Young adults only; MEG; one type of perturbation,"Rare direct evidence for 40 Hz AUDITORY that the ASSR has a nonlinear, resettable (oscillator-like) part; a perturbation/reset test not yet repeated in older adults or dementia",Categorized here as entrainment_vs_evoked (measurement paradigm)
PAC01,pac_pitfall,Tort,2010,Measuring Phase-Amplitude Coupling Between Neuronal Oscillations of Different Frequencies,Journal of Neurophysiology,10.1152/jn.00106.2010,20463205,yes,Modulation index (MI): KL divergence of the phase-binned amplitude distribution from uniform,Simulations + rodent hippocampal LFP,MI is a robust PAC measure that detects multimodal coupling; the paper sets out filtering and surrogate practice,Needs long data; biased for short windows; cannot tell true coupling from waveform-shape effects,The project's PAC 'forecast' uses Tort MI in 2 s windows (theta phase x 38-42 Hz amplitude); see PAC03/PAC07/PAC08 for why this is questionable,
PAC02,pac_pitfall,Aru,2015,Untangling cross-frequency coupling in neuroscience,Current Opinion in Neurobiology,10.1016/j.conb.2014.08.002,25212583,yes,Review: statistical and modeling approaches to CFC and their pitfalls,Review (methods),"Apparent CFC can come from non-stationarity, non-sinusoidal shape or sharp transients, missing oscillations, or too-narrow amplitude filters; the phase-giving oscillation must exist",Review; gives no single fix,"Core citation for gap 1: theta-gamma PAC during 40 Hz sound needs a real theta oscillation, a wide enough amplitude band, and waveform checks",
PAC03,pac_pitfall,Dvorak,2014,Toward a proper estimation of phase–amplitude coupling in neural oscillations,Journal of Neuroscience Methods,10.1016/j.jneumeth.2014.01.002,24447842,yes,"Simulation study of PAC estimation choices (filter bandwidth, data length, measure)",Simulations + rat hippocampal LFP,"The amplitude filter must be wide enough to hold the side-bands at f_amp +/- f_phase, or coupling is lost or distorted",Rodent/hippocampal; not about driven responses,"Concrete pitfall: a 38-42 Hz amplitude band cannot contain side-bands at 40 +/- (4-8) Hz, so theta modulation of the 40 Hz envelope is mostly filtered out before MI is computed","Implication for the project pipeline is our inference from this paper, not tested by its authors"
PAC04,pac_pitfall,Hyafil,2015,Misidentifications of specific forms of cross-frequency coupling: three warnings,Frontiers in Neuroscience,10.3389/fnins.2015.00370,26500488,yes,Theory/simulation: three ways one CFC type gets mistaken for another,Simulations,"Bicoherence reflects PAC, not phase-phase coupling; PAC can masquerade as amplitude-amplitude coupling and the reverse; non-sinusoidal signals produce spurious CFC",Conceptual,"A 40 Hz driven response amplitude-modulated by a theta/delta rhythm, or theta-locked evoked responses, can show up as 'theta-gamma PAC' without a gamma oscillator nested in theta",
PAC05,pac_pitfall,Cole,2017,Brain Oscillations and the Importance of Waveform Shape,Trends in Cognitive Sciences,10.1016/j.tics.2016.12.008,28063662,yes,"Review of non-sinusoidal waveform shape (sharpness, rise-decay asymmetry) and how it breaks Fourier-based measures",Review with rodent/human examples,Non-sinusoidal oscillations create harmonics and spurious PAC; shape itself may carry physiological information,"Review; tools (e.g., bycycle) not validated for driven responses","ds005048 used a 40 Hz RECTANGULAR amplitude modulation, which likely gives a non-sinusoidal driven response with harmonics; shape should be checked before any CFC is interpreted",
PAC06,pac_pitfall,Kramer,2008,Sharp edge artifacts and spurious coupling in EEG frequency comodulation measures,Journal of Neuroscience Methods,10.1016/j.jneumeth.2008.01.020,18328571,yes,Short communication: sharp edges/abrupt voltage steps in EEG comodulation measures,Simulations + EEG/ECoG examples,Abrupt voltage changes make broadband power that appears phase-locked to low frequencies (spurious coupling); detection checks proposed,"Short paper, few quantitative guidelines",Stimulus on/off transitions (ON/OFF blocks) and click-like transients are exactly such sharp edges; PAC windows that span block boundaries are at risk,
PAC07,pac_pitfall,Lozano-Soldevilla,2016,Neuronal Oscillations with Non-sinusoidal Morphology Produce Spurious Phase-to-Amplitude Coupling and Directionality,Frontiers in Computational Neuroscience,10.3389/fncom.2016.00087,27597822,yes,MEG lorazepam study + simulations of alpha-phase to beta/low-gamma amplitude coupling,"Human MEG (placebo, 0.5, 1.5 mg lorazepam) + synthetic data","Much of the observed alpha-to-beta/low-gamma coupling could be explained by non-sinusoidal alpha waveform (bicoherence at harmonics), with no cross-frequency directionality","Alpha band; resting/working-memory, not driven stimulation","Shows that 'coupling' up to ~45 Hz can be a harmonic artifact; relevant to reading theta/alpha-phase x 40 Hz PAC in older adults, whose rhythms change shape",
PAC08,pac_pitfall,Hülsemann,2019,"Quantification of Phase-Amplitude Coupling in Neuronal Oscillations: Comparison of Phase-Locking Value, Mean Vector Length, Modulation Index, and Generalized-Linear-Modeling-Cross-Frequency-Coupling",Frontiers in Neuroscience,10.3389/fnins.2019.00573,31275096,yes,"Simulation comparison of PLV, MVL, MI, GLM-CFC with moderators (data length, SNR, sampling rate)",Simulated EEG-like data,"All indices depend on data length, SNR and sampling rate near Nyquist; MI is the most robust for short, noisy epochs",Simulation only; no driven oscillations,"In the project, 2 s windows give only 8-16 theta cycles and fs = 250 Hz, so MI bias and variance are large; surrogate normalization per window is needed",
PAC09,pac_pitfall,van Driel,2015,Phase-clustering bias in phase–amplitude cross-frequency coupling and its removal,Journal of Neuroscience Methods,10.1016/j.jneumeth.2015.07.014,26231622,yes,Debiased PAC (dPAC): subtracts phase-clustering bias from mean-vector-length PAC,"Simulations + macaque intracranial sleep, rat LFP",A non-uniform phase distribution inflates or deflates PAC and can make it negative; dPAC corrects this,Corrects MVL-type measures; MI needs surrogates instead,"Rhythmic stimulation locks phase to the stimulus (phase clustering), so this bias is expected to be larger during 40 Hz blocks than at rest",
PAC10,pac_pitfall,Fatemi,2021,Theta‐gamma phase‐amplitude coupling explains the advantage of auditory plus visual gamma entrainment in Alzheimer’s therapy,Alzheimer's & Dementia,10.1002/alz.053451,,yes,"Theta-gamma PAC during 40 Hz auditory, visual, and audio-visual stimulation (5 s on/5 s off, 60 trials)","Human EEG, n=10 cognitively healthy (per abstract)",Reported markedly higher theta-gamma PAC for combined audio+visual 40 Hz than for either alone,Conference abstract (Alzheimer's & Dementia 17 S7); small n; healthy; no waveform/evoked-response controls reported,Closest prior use of theta-gamma PAC as a 40 Hz entrainment marker (same Sharif group as ds005048); its validity is unchecked against PAC02-PAC09,Crossref-verified abstract DOI; no PMID (meeting abstract); conference abstract; not in PubMed
PAC11,pac_pitfall,de la Salle,2024,Transcranial Alternating Current Stimulation Alters Auditory Steady-State Oscillatory Rhythms and Their Cross-Frequency Couplings,Clinical EEG and Neuroscience,10.1177/15500594231179679,37306065,yes,"Theta vs gamma vs sham tACS over temporal lobes during 40 Hz ASSR; ASSR power, phase locking and theta-gamma PAC","Human EEG, n=23 healthy",Gamma tACS did not change the 40 Hz ASSR; theta tACS lowered 40 Hz power/phase locking and RAISED theta-gamma PAC,Healthy young adults; tACS artifacts; single session,"Shows theta-gamma PAC during an ASSR can rise while the 40 Hz response itself weakens, so PAC and entrainment strength can move in opposite directions",
EVE01,entrainment_vs_evoked,Capilla,2011,Steady-State Visual Evoked Potentials Can Be Explained by Temporal Superposition of Transient Event-Related Responses,PLoS ONE,10.1371/journal.pone.0014543,21267081,yes,Synthesized SSVEPs by shifting and linearly adding rate-specific transient ERPs; compared with recorded SSVEPs,"Human EEG, checkerboard reversal at several rates",Synthetic SSRs closely matched recorded ones; no evidence of entrainment at the stimulation frequency,"Visual, low rates, young adults; linear model fitted from ERPs recorded at each rate",A superposition null model any 40 Hz entrainment claim must beat; never applied to 40 Hz auditory stimulation in dementia,
EVE02,entrainment_vs_evoked,Notbohm,2016,Modification of Brain Oscillations via Rhythmic Light Stimulation Provides Evidence for Entrainment but Not for Superposition of Event-Related Responses,Frontiers in Human Neuroscience,10.3389/fnhum.2016.00010,26869898,yes,Rhythmic vs jittered (arrhythmic) flicker across frequencies and intensities; phase coupling mapped against the Arnold tongue,"Human EEG, visual flicker around individual alpha frequency","Phase coupling grew with intensity and near the intrinsic frequency, matching an Arnold tongue; only inside the tongue did rhythmic differ from jittered stimulation; non-linear features",Alpha/visual only; young adults,"Template for an Arnold-tongue test at gamma: vary 40 Hz rate and loudness, include a jittered control; not yet done for auditory 40 Hz in older adults",
EVE04,entrainment_vs_evoked,Duecker,2021,No Evidence for Entrainment: Endogenous Gamma Oscillations and Rhythmic Flicker Responses Coexist in Visual Cortex,The Journal of Neuroscience,10.1523/JNEUROSCI.3134-20.2021,34230106,yes,MEG: rapid sinusoidal flicker up to 80 Hz combined with gratings that induce endogenous gamma; tests of phase/frequency entrainment,"Human MEG, healthy adults",No phase or frequency entrainment of endogenous gamma by flicker; the flicker response did not peak at the individual gamma frequency and fell with frequency; separate generators,Visual; young adults; frequencies >50 Hz were the main focus,"Strongest human evidence that a gamma-rate driven response can coexist with, and be separate from, endogenous gamma; an auditory 40 Hz equivalent in older adults is missing",
EVE05,entrainment_vs_evoked,Herrmann,2001,Human EEG responses to 1-100 Hz flicker: resonance phenomena in visual cortex and their potential correlation to cognitive phenomena,Experimental Brain Research,10.1007/s002210100682,11355381,yes,EEG flicker sweep 1-100 Hz in 1 Hz steps,"Human EEG, n=10","Steady-state responses at all rates up to at least 90 Hz, with resonance peaks near 10, 20, 40 and 80 Hz",Visual; young adults; resonance is not proof of entrainment,Frequency-sweep 'resonance' design; its auditory analog is the chirp ASSR (EVE10),
EVE06,entrainment_vs_evoked,Bohórquez,2008,Generation of the 40-Hz auditory steady-state response (ASSR) explained using convolution,Clinical Neurophysiology,10.1016/j.clinph.2008.08.002,18818122,yes,Deconvolution (CLAD) of ABR/MLR from jittered ~40 Hz clicks; ASSR synthesized by superposition,"Human EEG, normal-hearing awake adults",40 Hz ASSR explained by superposition of ABR wave V (~10%) and MLR Na-Pa and Nb-Pb (~45% each); the 40 Hz amplitude peak comes from Pb overlapping Pa,Young normal-hearing adults; click stimuli; linear model,"Auditory superposition account: the 40 Hz 'resonance' can arise from overlapping middle-latency responses; untested in older adults, whose MLR latencies/amplitudes change",
EVE07,entrainment_vs_evoked,Presacco,2010,"Auditory steady-state responses to 40-Hz click trains: Relationship to middle latency, gamma band and beta band responses studied with deconvolution",Clinical Neurophysiology,10.1016/j.clinph.2010.03.020,20413346,yes,"Deconvolved ABR/MLR and last-click responses used to predict 40 Hz click ASSRs, gamma-band and beta-band responses","Human EEG, adults, monaural clicks",Superposition predicted the steady-state part of the ASSR but NOT its onset; click-rate adaptation matters,Young adults; clicks only,"Suggests the onset/build-up period is where non-superposition dynamics could be tested, e.g., build-up time constants in dementia vs controls",
EVE08,entrainment_vs_evoked,Tan,2017,Improved Transient Response Estimations in Predicting 40 Hz Auditory Steady-State Response Using Deconvolution Methods,Frontiers in Neuroscience,10.3389/fnins.2017.00697,29311778,yes,"Compared 40 Hz ASSR with ASSRs synthesized from 3 transient-AEP templates (5 Hz AEP, CLAD, MSAD deconvolution)","Human EEG, adults","The MSAD-derived template reproduced the 40 Hz ASSR with no significant difference in individuals, supporting linear superposition when the template is accurate",Young adults; template choice drives the conclusion,"With EVE06/EVE07 and MEA08, the auditory 40 Hz evidence is split: steady part fits superposition, reset/onset show nonlinearity; none in older adults",
EVE09,entrainment_vs_evoked,Soula,2023,Forty-hertz light stimulation does not entrain native gamma oscillations in Alzheimer’s disease model mice,Nature Neuroscience,10.1038/s41593-023-01270-2,36879142,yes,Multisite silicon-probe recordings during 40 Hz flicker in APP/PS1 and 5xFAD mice; amyloid/microglia readouts,"Mouse (2 AD models), LFP/spikes, visual","40 Hz flicker did not engage native gamma in visual cortex, entorhinal cortex or hippocampus; no reliable amyloid/microglia change",Visual only; mouse; conflicts with earlier positive reports,Shows that 'a 40 Hz peak' does not equal entrainment of native gamma; motivates testing whether human 40 Hz AUDITORY responses engage intrinsic gamma,
EVE10,entrainment_vs_evoked,Artieda,2004,Potentials evoked by chirp-modulated tones: a new technique to evaluate oscillatory activity in the auditory pathway,Clinical Neurophysiology,10.1016/j.clinph.2003.10.021,15036066,yes,Chirp-modulated tones (AM rate sweeping) to map the response across modulation frequencies in one run,"Human EEG, healthy adults","Diagonal time-frequency band following the chirp; largest energy around 40-45 Hz (30-60 Hz), mainly from phase locking",Healthy adults; resonance-like profile does not separate entrainment from superposition,"A fast per-person 'tuning curve' (resonance/Arnold-tongue proxy) that could be run in older adults/dementia; used in schizophrenia (Griskova-Bulanova 2020, 10.3390/brainsci11010022)",
EVE11,entrainment_vs_evoked,L’Hermite,2023,Rhythmic Entrainment Echoes in Auditory Perception,The Journal of Neuroscience,10.1523/jneurosci.0051-23.2023,37604689,yes,Behavioral 'entrainment echo' paradigm: target detection at varying delays after a rhythmic AM tone,"Human behavior, n=154 over 4 experiments",Strongest echoes after 6-8 Hz; best phases depended on the tonotopic match; echoes were not always consistent across experiments,Behavioral; low rates; not 40 Hz; no EEG,Post-offset persistence is a key entrainment criterion; no 40 Hz auditory echo test in older adults found,
EVE12,entrainment_vs_evoked,Wu,2025,"Single-session gamma sensory stimulation entrains real-time electroencephalography but does not enhance perception, attention, short-term memory, or long-term memory",Journal of Alzheimer's Disease Reports,10.1177/25424823241311927,40034515,yes,30 min 40 Hz audio-visual stimulation with EEG during and after; cognitive battery,Human EEG + behavior; population and n not stated in abstract,Robust 40 Hz EEG response DURING stimulation but no significant 40 Hz oscillation AFTER stimulation; no cognitive gains,Single session; audio-visual; sample details limited in abstract,No post-stimulus persistence fits a driven/evoked response more than a self-sustaining entrained oscillator (our interpretation),
IND01,individual_differences,McFadden,2014,Test-Retest Reliability of the 40 Hz EEG Auditory Steady-State Response,PLoS ONE,10.1371/journal.pone.0085748,24465679,yes,Test-retest (~1 week) of the 40 Hz EEG ASSR; channel-level and dipole signal-space analysis; AM noise vs clicks,"Human EEG, n=19 healthy adults",ASSR correlated significantly between sessions; ITPC more reliable than evoked power; clicks more consistent than AM noise,Young healthy adults; correlations not ICCs; 1-week interval,Reliability reference for 40 Hz metrics; older/dementia reliability is almost unstudied (only IND05),
IND02,individual_differences,Legget,2017,MEG and EEG demonstrate similar test-retest reliability of the 40 Hz auditory steady-state response,International Journal of Psychophysiology,10.1016/j.ijpsycho.2017.01.013,28161286,yes,Test-retest (~1 week) of 40 Hz ASSR with MEG and EEG in the same people (source space),"Human MEG+EEG, n=17 healthy adults",MEG ASSR significantly correlated between sessions; reliability similar for MEG and EEG; ITPC > evoked power; clicks > white noise,Small n; young adults,Suggests ITPC-type metrics are the most stable choice for per-person 40 Hz response indices,
IND03,individual_differences,Roach,2019,Test-retest reliability of time-frequency measures of auditory steady-state responses in patients with schizophrenia and healthy controls,NeuroImage: Clinical,10.1016/j.nicl.2019.101878,31228795,yes,"Generalizability (G) coefficients for evoked power, total power, phase-locking factor and phase-locking angle at 20/30/40 Hz",Human EEG: 9 SZ + 9 HC (2 sessions) and 30 HC (2-3 sessions),G-coefficients good to excellent (>0.6) for most 40 Hz measures in both groups; 20 Hz less reliable,Small patient group; no older adults or dementia,"Uses generalizability theory, which (like the hierarchical approach in NBM03) could be applied to 40 Hz responses in dementia datasets",
IND04,individual_differences,Tan,2015,MEG—measured auditory steady-state oscillations show high test–retest reliability: A sensor and source-space analysis,NeuroImage,10.1016/j.neuroimage.2015.07.055,26216274,yes,"ICC of MEG ASSR (5 and 40 Hz AM tones) over 2 sessions, sensor + eLORETA source","Human MEG, n=13","ITPC ICCs ~0.86-0.96, higher than spectral power change ICCs (~0.61-0.82)",n=13; young adults; task-embedded,Upper-bound reliability for 40 Hz ITPC under good conditions; compare with 19-channel clinical EEG at 250 Hz as in ds005048,
IND05,individual_differences,van Deursen,2011,40-Hz steady state response in Alzheimer's disease and mild cognitive impairment,Neurobiology of Aging,10.1016/j.neurobiolaging.2009.01.002,19237225,yes,"40 Hz click-train steady-state response in AD, MCI, controls; repeated after 1 week","Human EEG: 15 mild AD, 20 MCI, 20 elderly controls",High test-retest reliability (reported r ~0.68-0.83); 40 Hz power HIGHER in AD than MCI/controls; moderate correlation with ADAS-cog,Single site; clicks (not AM tones); correlation-based reliability,"The only test-retest data for 40 Hz responses in dementia found; also shows AD can INCREASE 40 Hz power, which complicates 'more entrainment is better'","Enhanced ASSR in AD also reported with MEG: Osipova 2006, 10.1016/j.clinph.2006.05.034 (Crossref+PMID 16887381 verified; not a separate row)"
IND06,individual_differences,Burca,2025,Frequency optimisation for entrainment of gamma waves via sound stimulation in older adults,Research Square (preprint),10.21203/rs.3.rs-7064869/v1,,yes,Auditory stimulation 37-45 Hz in 1 Hz steps; per-person optimal frequency,"Human EEG, n=15 healthy adults aged 60-75","No group effect of stimulation frequency, but each person's optimal frequency gave stronger entrainment than 40 Hz; also stronger connectivity","PREPRINT (Research Square), not peer-reviewed; small n; 'optimum' chosen and tested on the same data (circular unless cross-validated)",Directly relevant: frequency tuning in older adults for AUDITORY gamma; whether the individual optimum is stable across sessions is untested,Crossref DOI verified (preprint); no PMID; preprint; not in PubMed
IND07,individual_differences,Yoon,2025,Center frequency as optimal frequency of visual stimulation for spreading entrained gamma rhythms to other target brain regions in cognitively normal older adults,GeroScience,10.1007/s11357-025-01552-6,39966249,yes,Visual flicker at 32/34/36/38/40 Hz; individual center frequency (CF) from ERSP; gamma connectivity spread/strength/stability,"Human EEG, n=32 cognitively normal older adults","CF was 32 Hz (40.6%) or 34 Hz (28.1%) in about two-thirds; stimulating at CF gave broader, stronger, more stable connectivity",Visual; CF picked from the same session; no test-retest of CF,Individual 'tuning' in older adults is below 40 Hz for VISUAL; the auditory analog and CF stability are open,"Earlier study from same group: Park 2022, 10.1038/s41598-022-19464-2, PMID 36114215 (verified)"
IND08,individual_differences,Jeon,2026,Personalized audiovisual gamma stimulation enhances neural connectivity and entrainment beyond fixed 40 Hz protocols,Frontiers in Neuroscience,10.3389/fnins.2026.1787255,42027686,yes,"Compared 'conversation gamma frequency' (CGF), individual gamma frequency (IGF) and fixed 40 Hz stimulation; EEG connectivity and theta-gamma coupling",Human EEG (n not in abstract),CGF gave stronger activation/connectivity and more theta-gamma phase synchronization than 40 Hz; entrainment fell as CGF moved away from 40 Hz,Authors call it hypothesis-generating; PAC not checked for artifacts; sample unclear,"Uses theta-gamma coupling as an entrainment readout, the practice gap 1 questions",
AGE01,aging,Griskova-Bulanova,2013,Does brain ability to synchronize with 40 Hz auditory stimulation change with age?,Acta Neurobiologiae Experimentalis,10.55782/ane-2013-1960,24457646,yes,"Click-train 40 Hz ASSR; phase-locking index, evoked amplitude, total intensity; curve fitting against age","Human EEG, n=46 healthy males aged 20-58",Phase-locking index and evoked amplitude fell linearly with age; total intensity did not,Males only; no one over 58; cross-sectional,"Suggests phase-locked (evoked) and total power age differently, so the metric choice changes age conclusions",
AGE02,aging,Goossens,2016,Aging Affects Neural Synchronization to Speech-Related Acoustic Modulations,Frontiers in Aging Neuroscience,10.3389/fnagi.2016.00133,27378906,yes,"4, 20, 40, 80 Hz ASSRs in young, middle-aged and older adults with normal audiograms, screened for MCI","Human EEG, 3 age groups","Older adults: more theta-rate (4 Hz) synchronization, less 80 Hz, and loss of right-hemisphere dominance",Normal-hearing sample only; cross-sectional,"Age changes the ASSR tuning profile, so older adults need age-appropriate reference values for 40 Hz responses",
AGE03,aging,Ross,2016,40‐Hz oscillations underlying perceptual binding in young and older adults,Psychophysiology,10.1111/psyp.12654,27080577,yes,"MEG 40 Hz AM responses in quiet vs contralateral multitalker noise, young vs older adults","Human MEG, young and older adults","Two components: a sensory component similar across ages, and a later component (200 ms amplitude/phase rebound) smaller in older adults and linked to speech-in-noise",MEG; small groups,The 40 Hz response in older adults is not one quantity; the 'higher-order' part shrinks with age,
AGE04,aging,Dobri,2023,Synchrony in auditory 40-Hz gamma oscillations increases in older age and correlates with hearing abilities and cortical GABA levels,Imaging Neuroscience,10.1162/imag_a_00035,40799718,yes,"MEG 40 Hz ASSR in quiet/noise in young vs older adults, plus MR spectroscopy GABA","Human MEG + MRS, young vs older adults",ASSR amplitude INCREASED in older adults; larger ASSR in noise tied to worse hearing/speech-in-noise; larger ASSR in quiet tied to higher auditory cortex GABA,Cross-sectional; hearing loss is a confound,Directly contradicts AGE01's direction; hearing level must be a covariate for any 40 Hz auditory response in dementia,
AGE05,aging,Mockevičius,2026,Developmental and aging trajectories of 40-Hz auditory steady-state responses: A systematic review across the human lifespan,Developmental Cognitive Neuroscience,10.1016/j.dcn.2026.101690,41671727,yes,"PRISMA systematic review of age effects on ASSR (EEG/MEG), 40 studies",Review of human studies,"Strong increase through adolescence; in adulthood/aging results are mixed (kept, reduced or enhanced); older-adult and longitudinal data are sparse",No meta-analysis of effect sizes in aging; method heterogeneity,"Confirms that no normative lifespan model of 40 Hz ASSR exists, a gap for normative modeling (NBM01/NBM02)",
SCZ01,schizophrenia_ASSR,Kwon,1999,Gamma Frequency–Range Abnormalities to Auditory Stimulation in Schizophrenia,Archives of General Psychiatry,10.1001/archpsyc.56.11.1001,10565499,yes,EEG ASSR to 20/30/40 Hz click trains in schizophrenia vs controls,"Human EEG, schizophrenia vs controls (small groups, n~15 each)","Reduced 40 Hz power (not lower rates), delayed phase synchronization onset and delayed desynchronization in schizophrenia",Small n; medicated patients,Start of the clinical ASSR field; its 'build-up/decay timing' metrics are rarely used in dementia 40 Hz studies,
SCZ02,schizophrenia_ASSR,Thuné,2016,The 40-Hz Auditory Steady-State Response in Patients With Schizophrenia,JAMA Psychiatry,10.1001/jamapsychiatry.2016.2619,27732692,yes,Meta-analysis of 40 Hz ASSR in schizophrenia (1999-2016),"20 studies; 606 patients, 590 controls",17/20 reported reductions; Hedges g -0.58 (power) and -0.46 (phase locking); stimulus/analysis choices did not moderate,Publication bias possible; medication confounds,"Benchmark effect size: case-control 40 Hz differences are moderate, so a single-dataset dementia study (n~35) is underpowered for group or individual inferences",
SCZ03,schizophrenia_ASSR,Kinjo,2026,"A systematic review and meta-analysis of the auditory steady-state response in schizophrenia, bipolar disorder, and autism spectrum disorder",Molecular Psychiatry,10.1038/s41380-026-03452-3,41634135,yes,"Meta-analysis of 20/40/80 Hz ASSR in SZ, bipolar disorder, autism, relatives, clinical high risk","52 studies; 2116 SZ, 294 BD, 117 ASD, 2758 controls",40 Hz power and ITPC reduced in SZ and BD; power reduced in ASD; reductions in first-degree relatives but not clinical-high-risk,Mostly cross-sectional; heterogeneous methods,"Shows 40 Hz ASSR is not specific to one disorder, a caution for reading 40 Hz response changes in dementia as disease-specific",
SCZ04,schizophrenia_ASSR,Toso,2024,40 Hz Steady-State Response in Human Auditory Cortex Is Shaped by Gabaergic Neuronal Inhibition,The Journal of Neuroscience,10.1523/JNEUROSCI.2029-23.2024,38670804,yes,Placebo-controlled MEG pharmacology: lorazepam (GABA-A agonist) vs memantine (NMDA antagonist) vs placebo during 40 Hz ASSR,"Human MEG, n=20 healthy adults (13 M, 7 F)",Lorazepam increased 40 Hz ASSR amplitude in auditory cortex; no detectable memantine effect,Healthy young adults; low doses; single dose,"Memantine is a common AD drug; this null suggests (not proves) memantine use is not a major 40 Hz ASSR confound, while benzodiazepines are; medication must be recorded",Framed as a schizophrenia-biomarker mechanism study
MOD01,model,Sohal,2009,Parvalbumin neurons and gamma rhythms enhance cortical circuit performance,Nature,10.1038/nature07991,19396159,yes,Optogenetic drive of PV interneurons in mouse cortex; gamma induction and information transmission,"Mouse, in vivo/in vitro, optogenetics","PV interneuron activity is sufficient to create gamma, and gamma improves signal transmission in cortical circuits","Mouse; optogenetic, not sensory, drive","Mechanism behind reading 40 Hz ASSR as a PV/E-I readout; see Cardin 2009 (10.1038/nature08002, PMID 19396156, verified) for the companion paper showing that driving fast-spiking cells creates gamma",
MOD02,model,Vierling-Claassen,2008,Modeling GABA Alterations in Schizophrenia: A Link Between Impaired Inhibition and Altered Gamma and Beta Range Auditory Entrainment,Journal of Neurophysiology,10.1152/jn.00870.2007,18287555,yes,"Biophysical network model (E cells, fast/slow inhibition) of ASSR; prolonged GABA-A decay",Model fit to MEG ASSR from 12 SZ + 12 controls,Longer inhibitory decay reproduced reduced 40 Hz and enhanced ~20 Hz responses to 40 Hz drive in schizophrenia,Tuned to schizophrenia; one cortical column; no aging/AD parameters,Makes a frequency-specific prediction (40 Hz loss with 20 Hz gain under 40 Hz drive) that could be checked in dementia EEG as a spectral signature,PING/ING network family (Kopell lab)
MOD03,model,Metzner,2019,The Role of Parvalbumin-positive Interneurons in Auditory Steady-State Response Deficits in Schizophrenia,Scientific Reports,10.1038/s41598-019-53682-5,31811155,yes,Extension of MOD02 separating basket-cell vs chandelier-cell PV synapse changes,Computational model,Slowed basket-cell (not chandelier-cell) synapses best explain ASSR deficits,Model-only; schizophrenia-focused,"Open, reusable ASSR model code base that could be refit to older-adult/dementia 40 Hz data",
MOD04,model,Metzner,2021,The beta component of gamma-band auditory steady-state responses in patients with schizophrenia,Scientific Reports,10.1038/s41598-021-99793-w,34650135,yes,"ASSR network model sweeping input strength under SZ-like changes (less GABA, longer GABA decay, NMDA hypofunction)",Computational model,"Beta (20 Hz) power during 40 Hz drive appears only with longer GABA decay AND only in a limited range of input strength, through 'beat-skipping' (response to every other cycle)",Model-only; untested dependence on loudness in humans,"FALSIFIABLE and testable: predicts a 20 Hz subharmonic during 40 Hz sound that depends on stimulus intensity; the dementia 40 Hz datasets could check for a 20 Hz subharmonic, though a loudness sweep is needed for a full test",
MOD05,model,Herrmann,2016,Shaping Intrinsic Neural Oscillations with Periodic Stimulation,The Journal of Neuroscience,10.1523/JNEUROSCI.0236-16.2016,27170129,yes,"Network model of how periodic stimulation shapes intrinsic oscillations (entrainment, Arnold tongue, stochastic effects)",Computational (neural field/network) model,Periodic stimulation entrains intrinsic oscillations within frequency-amplitude Arnold tongues; outcomes depend on the stimulation-to-intrinsic frequency mismatch and strength,Theory; aimed at tACS/TMS; not fit to sensory data,Gives the Arnold-tongue predictions (response width growing with intensity around the natural frequency) that separate entrainment from superposition,
MOD06,model,Moran,2013,Neural masses and fields in dynamic causal modeling,Frontiers in Computational Neuroscience,10.3389/fncom.2013.00057,23755005,yes,Review of neural mass/field and conductance models used in dynamic causal modeling (DCM) of EEG/MEG/LFP,Methods review,Describes canonical-microcircuit and other population models that link spectra/ERPs to synaptic parameters,Models are complex; identifiability depends on data features,A DCM framework that could fit 40 Hz responses in older adults and dementia; no such application found,
MOD07,model,Adams,2022,Computational Modeling of Electroencephalography and Functional Magnetic Resonance Imaging Paradigms Indicates a Consistent Loss of Pyramidal Cell Synaptic Gain in Schizophrenia,Biological Psychiatry,10.1016/j.biopsych.2021.07.024,34598786,yes,"DCM (canonical microcircuit) fitted to resting EEG, MMN, 40 Hz ASSR, and resting fMRI","Human: 108 SZ, 57 relatives, 107 controls",All paradigms were best explained by more pyramidal-cell self-inhibition (less synaptic gain); auditory disinhibition predicted perceptual abnormality,Schizophrenia; model-comparison dependent,The only large-sample DCM of 40 Hz ASSR found; the same pipeline could be applied to dementia 40 Hz EEG to test E/I changes,
MOD08,model,Shaw,2017,Neurophysiologically-informed markers of individual variability and pharmacological manipulation of human cortical gamma,NeuroImage,10.1016/j.neuroimage.2017.08.034,28807873,yes,DCM of induced visual gamma across a large cohort; individual differences; tiagabine pharmacology validation,"Human MEG, healthy cohort",Individual gamma differences were driven by superficial pyramidal-interneuron connections; more self-inhibition lowered gamma amplitude and raised peak frequency,"Visual induced gamma, not ASSR",Shows DCM can explain individual gamma differences and be checked with a drug; a model of this type for 40 Hz auditory individual differences in older adults is missing,
MOD09,model,Breakspear,2010,Generative Models of Cortical Oscillations: Neurobiological Implications of the Kuramoto Model,Frontiers in Human Neuroscience,10.3389/fnhum.2010.00190,21151358,yes,Review/tutorial on the Kuramoto coupled-phase-oscillator model and its neurobiological extensions,Theory,"Explains synchronization transitions, frequency locking and extensions (delays, networks) relevant to cortical rhythms",Abstract phase model; hard to map to EEG amplitude,A driven Kuramoto oscillator gives the simplest fittable entrainment model (locking range vs drive strength) for 40 Hz data,
NBM01,nearby_method,Marquand,2016,Understanding Heterogeneity in Clinical Cohorts Using Normative Models: Beyond Case-Control Studies,Biological Psychiatry,10.1016/j.biopsych.2015.12.023,26927419,yes,Normative modeling: Gaussian-process regression of brain measures on age/covariates; per-person deviation scores,Methods + clinical neuroimaging examples,Case-control averages hide heterogeneity; per-person deviations from a normative model capture it,Needs large reference samples; mostly MRI so far,No normative model of 40 Hz ASSR/entrainment vs age exists (see AGE05); needed to judge whether a dementia patient's 40 Hz response is atypical,"Companion: Marquand 2019, 10.1038/s41380-019-0441-1, PMID 31201374 (verified)"
NBM02,nearby_method,Li,2022,Harmonized-Multinational qEEG norms (HarMNqEEG),NeuroImage,10.1016/j.neuroimage.2022.119190,35398285,yes,Harmonized multinational qEEG norms: Riemannian cross-spectral norms with site harmonization,"Resting EEG, 9 countries, 12 devices (n in the thousands)","Lifespan norms for EEG cross-spectra, with site effects modeled",Resting EEG only; no evoked or steady-state measures,Shows EEG normative modeling across sites is feasible; not yet extended to steady-state/40 Hz responses,
NBM03,nearby_method,Chen,2021,Trial and error: A hierarchical modeling approach to test-retest reliability,NeuroImage,10.1016/j.neuroimage.2021.118647,34688897,yes,Hierarchical (trial-level) Bayesian model that estimates test-retest reliability separately from trial noise,fMRI/behavior methods,Conventional ICCs on trial-averaged data underestimate reliability; hierarchical models recover it,"Demonstrated for fMRI/behavior, not EEG steady-state data","Could estimate the reliability of per-window 40 Hz SNR/ITPC in datasets with few blocks per person (e.g., ds005048)",
NBM04,nearby_method,Hedge,2018,The reliability paradox: Why robust cognitive tasks do not produce reliable individual differences,Behavior Research Methods,10.3758/s13428-017-0935-1,28726177,yes,Analysis of why robust group-level tasks give unreliable individual differences (reliability paradox),"Behavioral tasks, several datasets","Low between-person variance, the thing that makes a task effect robust, lowers reliability of individual differences",Behavioral; does not cover EEG,A strong group 40 Hz response does not imply a stable per-person 40 Hz response; individual reliability has to be measured,
NBM05,nearby_method,Lorenz,2019,Efficiently searching through large tACS parameter spaces using closed-loop Bayesian optimization,Brain Stimulation,10.1016/j.brs.2019.07.003,31289013,yes,Closed-loop Bayesian optimization (Gaussian process) of tACS frequency/phase using participant judgements,"Human tACS, phosphene ratings",Found per-person stimulation parameters in about 5 minutes within a large parameter space,Behavioral objective (phosphenes); not EEG entrainment,"Could tune per-person auditory gamma frequency/intensity with an EEG objective (e.g., 40 Hz SNR), with safeguards against circular selection","Conceptual framework: Lorenz 2017 'Neuroadaptive Bayesian optimization', 10.1016/j.tics.2017.01.006, PMID 28236531 (verified)"
NBM06,nearby_method,Ngo,2013,Auditory Closed-Loop Stimulation of the Sleep Slow Oscillation Enhances Memory,Neuron,10.1016/j.neuron.2013.03.006,23583623,yes,Closed-loop auditory stimulation timed to slow-oscillation up-states during sleep,"Human EEG sleep, young adults","In-phase clicks enhanced slow oscillations, spindles and declarative memory; out-of-phase clicks did not",Sleep slow oscillations; young adults,Proves phase-dependent closed-loop AUDITORY stimulation works; 40 Hz stimulation has not been gated by ongoing theta/alpha phase or state,
NBM07,nearby_method,Santostasi,2016,Phase-locked loop for precisely timed acoustic stimulation during sleep,Journal of Neuroscience Methods,10.1016/j.jneumeth.2015.11.007,26617321,yes,Phase-locked loop (PLL) that tracks EEG and times acoustic stimuli during slow-wave sleep,Human sleep EEG,"A simple, predictive PLL delivered sound at a chosen slow-wave phase and boosted slow-wave activity",Sleep only,Engineering template for real-time phase tracking in a closed-loop 40 Hz scheduler,
NBM09,nearby_method,Wodeyar,2021,A state space modeling approach to real-time phase estimation,eLife,10.7554/eLife.68803,34569936,yes,State-space oscillator model with Kalman filtering for real-time phase estimation (with credible intervals),Simulations + human EEG/LFP,"Beats band-pass/Hilbert phase estimation for broadband, non-stationary rhythms and gives phase uncertainty",Tested on low-frequency rhythms; compute cost for multi-oscillator fits,"Enables uncertainty-aware theta/alpha phase gating of 40 Hz stimulation; related model: Matsuda & Komaki 2017, 10.1162/NECO_a_00916, PMID 27870609 (verified)",
NBM10,nearby_method,Jaramillo-Jimenez,2024,ComBat models for harmonization of resting-state EEG features in multisite studies,Clinical Neurophysiology,10.1016/j.clinph.2024.09.019,39369552,yes,"Four ComBat variants (neuroCombat, neuroHarmonize, OPNested-GMM, HarmonizR) for resting EEG features","Resting EEG, n=374 from 5 datasets, young and old adults",All reduced batch effects; HarmonizR and OPNested-GMM best; age relations kept and effect sizes larger after harmonization,Resting spectral features only; sensor space,"Needed to pool 40 Hz response features across datasets (different amplifiers, montages, fs); not yet done for steady-state data","Original ComBat: Johnson 2007, 10.1093/biostatistics/kxj037, PMID 16632515 (verified)"
NBM11,nearby_method,Zanini,2018,Transfer Learning: A Riemannian Geometry Framework With Applications to Brain–Computer Interfaces,IEEE Transactions on Biomedical Engineering,10.1109/TBME.2017.2742541,28841546,yes,Riemannian-geometry transfer learning (re-centering covariance matrices) across sessions/subjects,EEG BCI datasets,Re-centering covariances allows cross-session/cross-subject transfer with little calibration,"Built for BCI classification, not biomarkers",A domain-adaptation route for moving 40 Hz response models between datasets or devices,
NBM12,nearby_method,Trübutschek,2024,"EEGManyPipelines: A Large-scale, Grassroots Multi-analyst Study of Electroencephalography Analysis Practices in the Wild",Journal of Cognitive Neuroscience,10.1162/jocn_a_02087,38010291,yes,Multi-analyst study: 168 teams analyzed the same EEG dataset for the same hypotheses,EEG; 396 researchers from 37 countries,Documents large differences in analysis pipelines and results (project overview paper),Overview; hypotheses not about steady-state responses,"Supports pre-registered, multiverse checks of 40 Hz entrainment metrics (reference, filters, window, metric) in a small single dataset",
DAT01,dataset,Lahijanian,2024,Auditory gamma-band entrainment enhances default mode network connectivity in dementia patients,Scientific Reports,10.1038/s41598-024-63727-z,38849418,yes,Inter- and intra-regional PLV during 40 Hz auditory stimulation vs rest trials,"Human EEG, elderly with dementia (Tehran); data = OpenNeuro ds005048",Reported stronger frontal-parietal (DMN-related) synchrony during 40 Hz stimulation,PLV is sensitive to volume conduction/common drive (MEA01-MEA03); single session per person; no control stimulation frequency,"Primary paper for ds005048, the dataset the project re-analyzes",Earlier preprint: Lahijanian 2021 bioRxiv 10.1101/2021.09.30.462389 (Crossref verified)
DAT02,dataset,Lahijanian,2025,40Hz Auditory Entrainment,OpenNeuro (dataset ds005048 v1.0.1),10.18112/openneuro.ds005048.v1.0.1,,partial,"OpenNeuro BIDS EEG dataset: 40 Hz auditory entrainment (5 kHz carrier, 40 Hz rectangular AM), stimulation vs rest blocks","35 older adults (local participants.tsv: 10 normal, 6 MCI, 16 mild AD, 1 moderate AD, 2 unlabelled; age 54-89), 19-ch EEG, fs 250 Hz","Open data for 40 Hz AUDITORY stimulation in dementia, with MMSE",One session per participant; no alternative frequency or jittered control; 250 Hz fs limits harmonic analysis,Main data source; supports within-session split-half reliability but not test-retest,DataCite DOI verified (not Crossref-registered); license CC0
DAT03,dataset,Hwang,2020,High-density EEG of auditory steady-state responses during stimulation of basal forebrain parvalbumin neurons,Scientific Data,10.1038/s41597-020-00621-z,32901008,yes,"Data descriptor: high-density (36-ch) mouse EEG ASSRs to 10/20/30/40/50 Hz clicks, with/without optogenetic basal-forebrain PV stimulation",Mouse EEG,Raw epochs + Python tutorials; includes a coupled-oscillator perturbation simulation,Mouse; anesthesia/implant differences from humans,Open multi-rate ASSR data for testing resonance/Arnold-tongue analyses and oscillator vs superposition models across species,Zenodo 10.5281/zenodo.3949519 (DataCite verified)
