sid,R40,R40_odd,R40_even,R33,R33_odd,R33_even,R40_first,R40_second,n_blocks,aper_exp,aper_off,iaf,rel40,fit_r2,Gender,Age,Group,MMSE
sub-01,0.5356986897388117,0.5330773867020188,0.5383199927756046,0.0099547283255036,-0.010291599945871824,0.030201056596879022,0.5738941941046906,0.7014964152447445,6,0.918596944932022,-0.4247078631980326,7.252909175494609,0.10817528897134028,0.979494093515105,Male,65,Normal,28
sub-02,0.09311856179141433,0.10658807390478997,0.0796490496780387,-0.02399051228067654,-0.06079891566897493,0.012817891107621849,0.03226799335643296,-0.05159313717796124,6,0.8408496644880896,-1.2304552328084435,,0.10850115455321936,0.9894855108611952,Female,70,Mild AD,23
sub-03,0.31050616783252843,0.2972860963733557,0.32372623929170113,0.027913982066123968,0.00803856489713016,0.04778939923511777,0.13594410821831537,0.31931930906930917,6,1.0774914479142157,0.28634464102245455,7.757791872204795,0.15298612612497386,0.9949886974008789,Male,75,Normal,27
sub-04,0.014009436189564461,0.05612993461041133,-0.028111062231282413,0.03880194120998082,0.01701803638482224,0.06058584603513939,-0.04120592810519916,-0.029084540710632323,6,-0.06401875447468733,-0.042826112956879325,7.815118145258958,0.09098162801637757,0.6407008322443601,Male,82,Mild AD,21
sub-05,0.5157027797408297,0.5184844369762905,0.5129211225053686,0.00033480035545837883,-0.059051545226917156,0.059721145937833904,0.4561732265764456,0.44225659119008565,6,1.619441360543823,1.2823913584792008,9.101458090455885,0.08016355263183123,0.9953218567446404,Male,75,Mild AD,21
sub-06,0.25522754259892944,0.27654731098171653,0.2339077742161424,-0.0021727895997292654,-0.020077537798137507,0.015731958598678975,0.2261832662612281,0.22649400596205496,6,0.7930627335315125,0.8600769633458699,8.489405208269057,0.11237024691185767,0.9615650472020904,Female,69,-,-
sub-07,-0.026563135010900078,-0.03620753709419073,-0.016918732927609426,0.010703688302799205,0.03720312469308908,-0.01579574808749068,-0.07619441171386032,-0.08903887547317643,6,1.4487111111130315,0.7498008977604655,8.536307903076477,0.10041185305075645,0.9955683125694987,Male,89,Mild AD,19
sub-08,0.14881568420491884,0.22195885543055302,0.07567251297928464,-0.03962607226022768,-0.07561819751246857,-0.003633947007986795,0.3776126423748498,-0.0018410898662165331,6,1.4216143312326326,1.0987823134056152,7.824357690401044,0.10847741892577567,0.993813360035206,Male,70,Normal,24
sub-09,-0.017277282445967806,0.012606389598907645,-0.04716095449084326,-0.0014888542766400656,-0.022685169305941243,0.01970746075266111,0.04577860836471073,-0.010330418118258744,10,0.25326782778655643,-0.1658408566650527,10.160523229422989,0.0946287062899582,0.8023382153933527,Female,57,Normal,26
sub-10,0.057588478879326256,0.06219354553915909,0.052983412219493445,-0.0029701674608836174,0.0008642173285146187,-0.006804552250281859,0.14883304495037114,0.1104189287997008,10,0.28081422659834016,-0.14381200791384408,,0.11187548116511559,0.6868763254835741,Male,81,Normal,28
sub-11,0.15091069145475217,0.12899129427314796,0.17283008863635635,-0.010184689399010733,-0.0029756311585496576,-0.017393747639471806,0.10342187273179546,0.33134179877357695,10,0.7472432281245904,-0.04664141578239561,10.915891295784709,0.08354853430867781,0.982486661781316,Female,88,Mild AD,20
sub-12,0.20458937900999347,0.1761214405913607,0.2330573174286262,0.009223790936842672,0.019544948027686682,-0.0010973661540013419,0.3417983597754455,0.3482766382587854,10,1.246852635590701,0.6301453720372076,8.550635386884403,-0.04898361491602326,0.9914978654565958,Female,63,Normal,30
sub-13,0.09294634186821418,0.10642933318377105,0.07946335055265732,-0.019316880720612294,-0.020898246924114714,-0.01773551451710988,0.28834680384655,-0.006016047213139766,10,1.951089471337105,1.6000205019280624,11.085804768312558,0.05497563914507324,0.9878216011004916,Male,60,-,-
sub-14,0.18928511900251035,0.23356048160441292,0.14500975640060781,-0.0367482239167901,-0.03506789816383671,-0.03842854966974348,0.25689881389246416,0.09375836916405622,10,0.48196667573941177,-0.21470553371446605,9.406008264742765,0.12117378608223585,0.9769058301722657,Female,79,Mild AD,18
sub-15,0.2972850717004908,0.34754467052725946,0.24702547287372215,0.013770705103497599,0.04754063377138129,-0.019999223564386093,0.5896792927285079,0.4041670158984809,10,0.937801055789946,0.7709729076228201,12.544600597652046,0.0584287468093277,0.9678051096710341,Female,77,Mild AD,19
sub-16,0.08428185846120753,0.017140145010340436,0.1514235719120746,0.005127064968983778,-0.016876617296869283,0.027130747234836838,-0.07955639439670698,0.19010957590252045,10,0.6693723172487097,0.10270089826357284,10.65633091240566,0.11013994762109298,0.9879324618330377,Male,68,Mild AD,25
sub-17,0.5705085910157206,0.5765447464578124,0.5644724355736288,-0.01774390989734218,-0.03658019472479194,0.0010923749301075703,0.6173784561712918,0.7103680984178218,10,1.9896222077111436,1.4250003089530359,8.893102606279419,0.10621810653899766,0.9892166157950721,Male,65,MCI,25
sub-18,0.25251136701314963,0.30845189778246124,0.19657083624383795,-0.019465314362579606,-0.017918351824569106,-0.021012276900590106,0.3959408110878916,0.21026323035716787,10,0.6116565665630355,0.12268720858327302,12.365335595390052,0.09227908365389142,0.9229226624020832,Female,76,MCI,18
sub-19,0.6878640290711051,0.690471325965544,0.6852567321766664,0.010902988163583484,-0.033200534901182556,0.05500651122834952,0.6586161872157799,0.6975687684335625,10,0.7242585156496667,0.09672796485758843,8.459387837648164,0.11218109311761505,0.9794435795446236,Female,82,MCI,13
sub-20,0.4116719309691942,0.44656756955789767,0.3767762923804908,0.054417390241761135,0.046332504926223705,0.06250227555729852,0.6021360690722967,0.11835408349237608,10,0.8717834567696918,0.3353914981749381,8.747263394324223,0.07112743085806973,0.9787046297612673,Female,82,Mild AD,13
sub-21,0.3353237099935375,0.34750459728871474,0.3231428226983602,-0.03676748891055785,-0.07444035557093961,0.0009053777498239212,0.45260779378102756,0.37456395200452486,10,0.813873859875509,-0.18365676627117244,10.204982907551834,0.06961372092131615,0.9871494468193535,Male,78,Mild AD,30
sub-22,0.408653863137127,0.3064323218843082,0.5108754043899458,-0.004941422991897771,-0.04814529073490601,0.03826244475111047,0.14170182554906766,0.5313101568470866,10,0.8543902735471294,-0.03758063273084375,7.015225398484298,0.043501525057912604,0.986317821900397,Female,67,Normal,29
sub-23,0.003692475975979549,0.032136970950028265,-0.024752018998069156,-0.02998632842885502,-0.01008927571344662,-0.049883381144263425,0.0042396926585468175,0.03573468657177982,10,0.9505684633874352,0.19029573743319816,,0.11553500937396478,0.9783801175927017,Female,75,Mild AD,14
sub-24,0.15650390899362837,0.17086103917932483,0.14214677880793192,-0.00755535575251654,0.01563667341955776,-0.030747384924590837,0.15589959623120597,0.22336356088011475,10,1.1379990137668883,0.44790542426485547,9.372388792633648,0.12553065858013032,0.9903597752047846,Male,81,Moderate AD,23
sub-25,0.03348198686496756,0.023851929157521802,0.04311204457241331,-0.05499394152803596,-0.06476025472766264,-0.04522762832840927,0.1681586161502792,0.012042195363739697,10,0.13317467875536604,-0.1024347470176045,,0.1501974942247938,0.4586391626712788,Female,68,Normal,24
sub-26,0.3907559721505996,0.39144990645381983,0.39006203784737936,0.02867419681362359,0.021851941608609024,0.03549645201863816,0.3200336480191022,0.396132733581569,10,1.1509851493096648,0.3826952536732451,10.302409428109938,0.03847261539415097,0.9760833433934207,Male,54,Normal,28
sub-27,0.10906441467870176,0.11391722091310416,0.10421160844429933,0.02063756179711635,0.02032167846658105,0.020953445127651654,0.2332559457462745,0.4085046810064701,10,1.0990468992230762,0.6143330482188509,8.42105993650534,0.15051187766288945,0.9942729708770669,Male,64,MCI,23
sub-28,0.0809519417682321,0.05048072381135138,0.11142315972511281,0.011706184460013373,-0.05253195673892176,0.07594432565894851,0.07901824072937705,0.14813402581379426,10,0.5382948929531957,-0.18045362749320082,11.16397110246726,0.11023646576253998,0.9649222672120021,Male,60,MCI,26
sub-29,0.3145117475214175,0.33405308035404385,0.2949704146887911,0.01401411080986147,0.008383892585324505,0.01964432903439843,0.34258271039373855,0.17692905621930566,10,0.46025213036865714,-0.09934700914076977,,0.09873545186219197,0.8092175187105266,Male,85,Mild AD,16
sub-30,0.3848500737659667,0.38101970928824946,0.3886804382436838,0.06950680416478508,0.069008283409932,0.07000532491963818,0.3886634902899712,0.3771230174955843,10,1.0832064385637552,0.4114973447837428,8.939556881740563,0.07817198408617188,0.9847925031953536,Male,71,Mild AD,22
sub-31,0.6278780249294916,0.6224037150335946,0.6333523348253887,-0.0029090551978781633,-0.03462371406240568,0.028805603666649342,0.5324602140820178,0.5808496286871272,10,1.1560842696869724,0.2866447260082557,8.733067325325193,0.021037878268079603,0.9801669932416082,Female,59,Normal,26
sub-32,0.5422325668829203,0.5339344724226815,0.550530661343159,-0.024285380374143913,-0.03971824321281656,-0.008852517535471265,0.5689611147361232,0.46489609904540363,10,1.143465688360579,0.34374363676491965,10.148620181834724,0.10738162110484704,0.9900600879622431,Female,71,MCI,21
sub-33,0.14736517023692844,0.1041760761473605,0.1905542643264963,0.004449123198956956,-0.07654428136247023,0.08544252776038415,0.2461098244438517,0.20443433914029324,10,1.1914430030799725,0.5792187791166578,12.7545844004917,0.05122488775159988,0.9619116497825492,Female,83,Mild AD,15
sub-34,-0.03544536309512007,-0.03100739784708209,-0.03988332834315805,-0.024153717262077417,-0.04204008387839534,-0.006267350645759498,-0.19605148716773502,-0.023660091332512567,10,1.6168909906822606,1.5007257775870824,7.110235732633518,0.0005497484368958841,0.9890399228280133,Female,78,Mild AD,20
sub-35,0.127814668723678,0.15051341377737787,0.10511592366997817,-0.039611289440869536,-0.06197443046557599,-0.017248148416163067,0.13940669390548868,-0.012114619665511528,10,1.7885110675990947,1.4417750097775306,7.691493267657869,0.11823557730870678,0.991488067822575,Male,77,Mild AD,21
