sub,ses,R40,R33,itc40,n_ep,n_trig,noise,front,occ,error
sub-001,ses-001,0.5830838098376376,0.029550071233516523,0.6484170015920798,239.0,241.0,0.05422882128704515,"F3,F4,C3,C4","O1,O2",
sub-001,ses-002,,,,0.0,,,,,too few epochs
sub-001,ses-003,0.6329095694378495,0.03670641895609598,0.6848875751526398,239.0,241.0,-0.7661306624104582,"F3,F4,C3,C4","O1,O2",
sub-001,ses-004,0.6660244936513774,-0.03473314920013543,0.7296471930546071,240.0,241.0,-0.26739332382185194,"F3,F4,C3,C4","O1,O2",
sub-002,ses-001,0.5976629849469325,-0.0648192186447565,0.6461667254480926,233.0,241.0,-0.43089208883331204,"F3,F4,C3,C4","O1,O2",
sub-002,ses-002,0.6240073004096962,0.009608616100556189,0.6959406160476926,237.0,241.0,-0.6549818402822992,"F3,F4,C3,C4","O1,O2",
sub-002,ses-003,0.6433579811160802,-0.013197743900692262,0.7016741078852562,198.0,241.0,-0.7378985065372875,"F3,F4,C3,C4","O1,O2",
sub-002,ses-004,0.6984807476802901,-0.0022974519644877595,0.8097929426893059,77.0,241.0,-0.8290335730944555,"F3,F4,C3,C4","O1,O2",
sub-003,ses-001,0.2233885274252428,0.025244370154000176,0.2535156302931673,205.0,241.0,-0.4128238492106582,"F3,F4,C3,C4","O1,O2",
sub-003,ses-002,0.5421116789542649,0.03878574830511176,0.5948974737506483,239.0,241.0,-1.053041355896169,"F3,F4,C3,C4","O1,O2",
sub-003,ses-003,0.38633514349194636,-0.02495947218223257,0.4423203567305761,237.0,241.0,-0.9827775339778103,"F3,F4,C3,C4","O1,O2",
sub-003,ses-004,0.3585468526969646,-0.06888125101381257,0.4240388809852519,240.0,241.0,-1.1230206940793601,"F3,F4,C3,C4","O1,O2",
sub-004,ses-001,0.21158258841636254,0.011346986565176423,0.2690508939345589,240.0,241.0,-1.2343141818356966,"F3,F4,C3,C4","O1,O2",
sub-004,ses-002,,,,0.0,,,,,too few epochs
sub-004,ses-003,,,,0.0,,,,,too few epochs
sub-004,ses-004,0.4284973132923635,-0.0404968824922555,0.4933074827457599,126.0,241.0,-1.0838031377125004,"F3,F4,C3,C4","O1,O2",
sub-005,ses-001,0.35544541380920447,-0.014901129189278557,0.408330536984315,227.0,241.0,-0.3325082800092365,"F3,F4,C3,C4","O1,O2",
sub-005,ses-002,,,,0.0,,,,,too few epochs
sub-005,ses-003,,,,0.0,,,,,too few epochs
sub-005,ses-004,0.30095867810194926,0.01722869198143049,0.39657046657749345,177.0,241.0,-0.20695696807520225,"F3,F4,C3,C4","O1,O2",
sub-006,ses-001,,,,0.0,,,,,too few epochs
sub-006,ses-002,0.5202314447124234,-0.011030192884893934,0.59439064836751,224.0,241.0,-0.10652519570599193,"F3,F4,C3,C4","O1,O2",
sub-006,ses-003,0.5907560086762408,-0.03630590798743891,0.6514029039893985,228.0,238.0,0.11342835159761962,"F3,F4,C3,C4","O1,O2",
sub-006,ses-004,0.49920197531348354,0.05858856990702728,0.5475746223892324,238.0,241.0,0.2931274941235384,"F3,F4,C3,C4","O1,O2",
sub-007,ses-001,0.6560873460683773,0.01039076465738202,0.7444417486161202,231.0,241.0,-0.9532517680503647,"F3,F4,C3,C4","O1,O2",
sub-007,ses-002,0.7832799833954462,0.06589667042842948,0.8350532304427533,237.0,241.0,-0.9530882650381604,"F3,F4,C3,C4","O1,O2",
sub-007,ses-003,,,,,1.0,,,,fewer than 200 stimulus triggers (pre-registered exclusion)
sub-007,ses-004,0.4071037385965903,0.016028356334726504,0.4737321674559606,236.0,241.0,-0.005076347225501588,"F3,F4,C3,C4","O1,O2",
sub-008,ses-001,0.22159363756894662,-0.011743124007229405,0.27903892076330666,239.0,241.0,-0.22263504827566058,"F3,F4,C3,C4","O1,O2",
sub-008,ses-002,0.2691120663985485,0.034104985749168745,0.33355347097538696,235.0,241.0,-0.1755459444037433,"F3,F4,C3,C4","O1,O2",
sub-008,ses-003,,,,0.0,,,,,too few epochs
sub-008,ses-004,0.21487214979022945,-0.03626916303416358,0.29099562120984074,231.0,232.0,-0.1436226912332497,"F3,F4,C3,C4","O1,O2",
sub-009,ses-001,0.7509599937344121,0.08038641025488544,0.8266515159379706,217.0,241.0,-0.8410797600702499,"F3,F4,C3,C4","O1,O2",
sub-009,ses-002,0.6791337953987174,-0.02426690114008842,0.7201270956997168,236.0,239.0,-0.6513435870368304,"F3,F4,C3,C4","O1,O2",
sub-009,ses-003,0.6895670372094818,0.058964273383337165,0.7304288040068241,239.0,241.0,-0.18574572817473478,"F3,F4,C3,C4","O1,O2",
sub-009,ses-004,0.6965587523759252,0.0012736216901234124,0.7506103625630853,232.0,234.0,-0.7146637043322852,"F3,F4,C3,C4","O1,O2",
sub-010,ses-001,,,,0.0,,,,,too few epochs
sub-010,ses-002,0.27833455548320196,-0.019925532079741216,0.35404917279368825,236.0,241.0,0.15298458151452765,"F3,F4,C3,C4","O1,O2",
sub-010,ses-003,0.3118123844600913,-0.0036958873763703465,0.39023009907936695,234.0,241.0,0.3866026256406603,"F3,F4,C3,C4","O1,O2",
sub-010,ses-004,0.32436499126563006,-0.0504266367738636,0.38291337621907845,236.0,241.0,-0.4393919946062012,"F3,F4,C3,C4","O1,O2",
sub-011,ses-001,,,,0.0,,,,,too few epochs
sub-011,ses-002,,,,0.0,,,,,too few epochs
sub-011,ses-003,0.70132130252264,-0.03554030061905767,0.7585287461832882,239.0,241.0,-0.39655969179881095,"F3,F4,C3,C4","O1,O2",
sub-011,ses-004,0.6346792547158705,-0.0012907248612505778,0.7018436211962422,230.0,239.0,-0.2349302005726693,"F3,F4,C3,C4","O1,O2",
sub-012,ses-001,,,,8.0,,,,,too few epochs
sub-012,ses-002,0.5671549520929898,-0.04826399399864938,0.6431700186306436,228.0,230.0,-0.7201767996918332,"F3,F4,C3,C4","O1,O2",
sub-012,ses-003,0.5602251765840215,-0.001773227502947991,0.6441507675135308,240.0,241.0,-0.820562066753057,"F3,F4,C3,C4","O1,O2",
sub-012,ses-004,0.3941939116519154,-0.06451627909522131,0.485925230260975,98.0,240.0,-0.44279984625659563,"F3,F4,C3,C4","O1,O2",
sub-013,ses-001,0.824118191343882,0.012448956713699194,0.8855272729578332,212.0,241.0,-1.0867676654832277,"F3,F4,C3,C4","O1,O2",
sub-013,ses-002,0.8856342230842723,-0.020679859479366833,0.9406350910861577,235.0,241.0,-1.4023354438736513,"F3,F4,C3,C4","O1,O2",
sub-013,ses-003,0.8718685163425195,-0.06533603415247777,0.937777914209986,238.0,240.0,-1.314582896374923,"F3,F4,C3,C4","O1,O2",
sub-013,ses-004,0.6093041344224146,-0.047847092630823755,0.671383332229071,163.0,238.0,-0.5486580512768906,"F3,F4,C3,C4","O1,O2",
sub-014,ses-001,0.5995895663976955,-0.02142880415844641,0.6539769202703761,240.0,241.0,-0.6534882723652969,"F3,F4,C3,C4","O1,O2",
sub-014,ses-002,,,,,1.0,,,,fewer than 200 stimulus triggers (pre-registered exclusion)
sub-014,ses-003,,,,0.0,,,,,too few epochs
sub-014,ses-004,0.5085410041265841,-0.025358041935766826,0.5826253053564509,207.0,220.0,-0.645057261885668,"F3,F4,C3,C4","O1,O2",
sub-015,ses-001,0.6662226226704726,0.02411179213584007,0.7659906075615158,240.0,241.0,-0.7206618162862953,"F3,F4,C3,C4","O1,O2",
sub-015,ses-002,0.5764192398590169,-0.034857315373969446,0.6560534134908591,235.0,236.0,-0.544720935068952,"F3,F4,C3,C4","O1,O2",
sub-015,ses-003,0.5751102091384087,-0.017661191121655248,0.6318560222005923,203.0,241.0,-0.484636752439123,"F3,F4,C3,C4","O1,O2",
sub-015,ses-004,0.5583734976856565,0.03420730746847539,0.6385843890680377,226.0,228.0,-0.2832807196849167,"F3,F4,C3,C4","O1,O2",
sub-016,ses-001,,,,0.0,,,,,too few epochs
sub-016,ses-002,0.617943735872192,0.021426833953562083,0.6490507439312694,236.0,241.0,-0.9133877574843771,"F3,F4,C3,C4","O1,O2",
sub-016,ses-003,,,,16.0,,,,,too few epochs
sub-016,ses-004,0.4799765104948859,-0.014272361592586325,0.4991442345882213,221.0,222.0,-0.8608603704721886,"F3,F4,C3,C4","O1,O2",
sub-017,ses-001,,,,0.0,,,,,too few epochs
sub-017,ses-002,0.6863375537840076,0.07249886166056277,0.7304567429453531,228.0,231.0,-1.0550097576414201,"F3,F4,C3,C4","O1,O2",
sub-017,ses-003,0.4116907562501662,-0.03479151013169222,0.5118265854257937,240.0,240.0,-0.24527169171717628,"F3,F4,C3,C4","O1,O2",
sub-017,ses-004,0.8115458278335064,0.05370850573465637,0.889482800023152,238.0,238.0,-1.1194366315514415,"F3,F4,C3,C4","O1,O2",
sub-018,ses-001,0.481346944229171,0.08442218002556597,0.5283098278132708,237.0,241.0,-0.48426128918119105,"F3,F4,C3,C4","O1,O2",
sub-018,ses-002,0.6772524885813279,0.01565705180270552,0.7319559146166604,205.0,218.0,-0.9985591164143003,"F3,F4,C3,C4","O1,O2",
sub-018,ses-003,0.3729734188289686,0.030348241864494266,0.4367488519889123,250.0,254.0,-0.7209614627055856,"F3,F4,C3,C4","O1,O2",
sub-018,ses-004,,,,0.0,,,,,too few epochs
sub-019,ses-001,0.716230525697832,-0.039099282101683286,0.7896747401935944,215.0,224.0,-0.9060176122964292,"F3,F4,C3,C4","O1,O2",
sub-019,ses-002,0.16144544466381797,-0.016756123444474212,0.2100407130201279,236.0,237.0,0.18977966718856382,"F3,F4,C3,C4","O1,O2",
sub-019,ses-003,0.2580756470748661,-0.01752649235357774,0.29799113577248204,235.0,240.0,-0.07445906996024271,"F3,F4,C3,C4","O1,O2",
sub-019,ses-004,,,,,1.0,,,,fewer than 200 stimulus triggers (pre-registered exclusion)
sub-020,ses-001,0.34584582860184676,-0.11130503787037549,0.536903136638335,20.0,242.0,-0.2605469182756046,"F3,F4,C3,C4","O1,O2",
sub-020,ses-002,0.7180111865465306,-0.0459473771893474,0.7708469165502231,225.0,237.0,-0.6333749279884603,"F3,F4,C3,C4","O1,O2",
sub-020,ses-003,0.7869837279688,0.00020675341319344176,0.8349236719343739,227.0,228.0,-1.1150811164220868,"F3,F4,C3,C4","O1,O2",
sub-020,ses-004,,,,,1.0,,,,fewer than 200 stimulus triggers (pre-registered exclusion)
