sid,age,mmse,sex
HG201,78.8681492,24.0,Male
HG204,76.8201948,19.0,Female
HG205,84.4396759,20.0,Male
HG206,80.108307,20.0,Female
HG207,72.573587,19.0,Female
HG208,88.499992,25.0,Female
HG209,63.8069228,22.0,Male
HG210,75.4950478,21.0,Female
HG211,55.4260754,22.0,Male
HG212,74.3232236,19.0,Female
HG213,83.3362994,21.0,Male
HG214,72.5516837,23.0,Female
HG217,75.9769194,22.0,Female
HG218,69.1075108,22.0,Male
HG219,80.43697,23.0,Male
HG221,81.5649876,23.0,Female
E01,73.0,29.0,Male
E02,75.0,30.0,Female
E03,61.0,28.0,Female
E04,58.0,30.0,Female
E05,55.0,30.0,Male
E06,65.0,30.0,Female
E07,65.0,30.0,Female
E09,55.0,30.0,Male
E10,67.0,30.0,Male
E12,68.0,30.0,Male
E33,66.0,30.0,Male
E34,71.0,30.0,Female
Y01,24.0,30.0,Female
Y02,26.0,30.0,Male
Y03,26.0,30.0,Male
Y04,23.0,30.0,Female
Y05,32.0,30.0,Male
Y06,22.0,30.0,Female
Y07,20.0,30.0,Male
Y08,27.0,30.0,Male
Y09,21.0,29.0,Female
Y10,27.0,28.0,Male
Y12,33.0,30.0,Female
Y13,23.0,30.0,Male
Y14,29.0,30.0,Female
