sid,group,aper_exp,aper_off,iaf,rel40,fit_r2
HG201,AD,1.8946940482333852,1.5643841416914526,9.635087763380968,7.758976055438607e-06,0.9962706483600422
HG204,AD,1.4651214156369996,1.1358384352843442,,-0.22277983785611927,0.9882516454475113
HG205,AD,0.728621245487988,0.5787203737939688,11.603404118356467,0.02708056741093378,0.9818949567163093
HG206,AD,1.5352085633116634,1.5962338757414394,,-0.012444670267156031,0.9871285502805941
HG207,AD,1.14130620953244,1.1188972782305098,12.010169424573839,-0.11421769543433838,0.9814860549365148
HG208,AD,1.1237164262297976,0.7621818291194952,10.07190590368981,0.012696548475922748,0.9730638628814772
HG209,AD,1.2732007414455824,1.062823805669487,,0.015095969939455167,0.9902997821334063
HG210,AD,0.46206620562713824,0.2952215290476183,,0.052161723105053674,0.8597504732548431
HG211,AD,1.7750407993891144,1.393672849145166,7.603373261203105,-0.013403599704468036,0.9960086688818516
HG212,AD,0.6946949017060116,0.7136019087063714,,0.014657066276798655,0.7715415223776447
HG213,AD,0.9967722470315684,0.8584088049184991,9.162151426515075,0.02706323587803109,0.9638171788071261
HG214,AD,0.8556549782063683,0.6646654481827698,,-0.0007033063040474535,0.7284977543082258
HG217,AD,0.4879285685973514,0.16906902766128884,,0.0022380381506398282,0.9562623377997879
HG218,AD,1.137890579936684,0.8547633610459404,,0.018416840892199676,0.7878142223568562
HG219,AD,1.8255417289060092,1.601072511851858,9.729778607490259,-0.015535697895988066,0.9978325790340972
HG221,AD,1.3520040177072385,1.148134549748789,9.762451156065982,-0.027365869713928744,0.9902592204459533
E01,older_CN,1.0009012847656014,0.588647858884938,11.560173366608037,0.009931901720343837,0.9786512693973802
E02,older_CN,1.24223562756434,1.2167691341971814,9.602129891777421,-0.0353413951869129,0.984743039774902
E03,older_CN,1.796557801003062,1.3857467891714412,9.405634577057494,-0.005105968353292727,0.9978630285019676
E04,older_CN,1.0887660893683067,0.9061957374169496,9.71329190032269,-0.02077952449222351,0.9934739359517003
E05,older_CN,1.3316718243125498,0.7482469518740769,,-0.011322914628822785,0.9671408076531791
E06,older_CN,1.209467523014025,1.1443416611665849,,-0.02167414086237343,0.9183777891881953
E07,older_CN,1.6450899383818043,1.2463616274887817,,-0.019323992503437307,0.9903172877141677
E09,older_CN,1.6371146345174474,1.284825890221979,,0.05442687264598635,0.951265792842531
E10,older_CN,0.9356590292537659,0.21418612836607231,9.27374570831699,0.028879722334429182,0.9859397779993585
E12,older_CN,1.0669838623255552,0.8348205071471893,9.587327125276866,-0.07909455492000804,0.9715779227643526
E33,older_CN,1.7498270302211116,1.1141828902569133,,-0.0003606727553431014,0.9400019508894486
Y01,young_CN,1.1836031958875295,0.8803559356768393,11.948393734664954,-0.049544897110412295,0.9831816084863929
Y02,young_CN,1.5507110381097255,0.7578265001464988,9.81908268069878,-0.026430943489486214,0.9946896112074544
Y03,young_CN,1.2911235244116084,0.645547867042007,10.720577806252965,-0.028569918913998873,0.9896068047452389
Y04,young_CN,1.4867911861467045,1.1083903701649949,10.274948740438418,-0.06348336564242418,0.9878447270731501
Y05,young_CN,1.6870913028319274,1.4424475307620634,11.891808098879771,0.018737445504210384,0.9927317368297625
Y06,young_CN,1.24757519076443,1.2234209796921314,10.771857600354943,-0.01938962031467119,0.9530777524018489
Y07,young_CN,1.7293004735038684,1.3527388358688075,8.712676904179903,-0.06882175133812976,0.9870657948312076
Y08,young_CN,1.554305467991719,1.092445926155695,9.323222567899217,-0.03827953539591916,0.9960937859663818
Y09,young_CN,1.27058581122859,0.7254613218912017,,-0.025377579106572356,0.9933832999524123
Y10,young_CN,1.239413546330417,0.9957188812341208,9.583435090364098,-0.03077588102907542,0.9866827362863833
Y12,young_CN,1.38812452065795,0.7051762568252204,12.336033379487985,-0.130113919546238,0.9412325299216834
Y13,young_CN,1.3731865783393353,0.6053670997080544,10.417175216615007,-0.12069891417152401,0.9436073969661639
Y14,young_CN,1.5343131033977886,1.1838630309238514,11.040635352256212,-0.014300320839866557,0.9539309106362813
