id,category,first_author,year,title,journal,doi,pmid,verified,method,data,key_finding,limitation,public_data,relevance_to_project,notes,source_table
M01,mechanism,Iaccarino,2016,Gamma frequency entrainment attenuates amyloid load and modifies microglia,Nature,10.1038/nature20587,27929004,yes,Optogenetic 40 Hz drive of hippocampal PV interneurons + 1 h 40 Hz visual flicker; IHC/ELISA; RNA-seq of CA1,Mouse (5XFAD; APP/PS1; WT); acute 1 h and 7 days x 1 h/day; visual,40 Hz (not 20/80 Hz or random) reduced Abeta1-40/1-42 in visual cortex after 1 h and recruited/morphologically changed microglia; CA1 optogenetic 40 Hz changed microglia-related genes,Short durations; flicker effects reported for visual cortex (hippocampal effects in this paper came from optogenetics, not light); founding result later disputed (see D01-D04),,GSE77471 (bulk RNA-seq CA1 after optogenetic 40 Hz; 6 samples; processed DE table downloadable) | Founding GENUS paper. Two Author Corrections exist (M02 2018: Extended Data Fig. 8 and Table 1 errors; M03 2024: author name update) | Crossref title/year/journal + PubMed PMID matched 2026-09-30,mechanisms_trials
M02,dispute,Iaccarino,2018,Author Correction: Gamma frequency entrainment attenuates amyloid load and modifies microglia,Nature,10.1038/s41586-018-0351-4,30046102,yes,Published correction,,Extended Data Fig. 8 and Extended Data Table 1 of M01 contained errors; corrected online,Correction text does not describe whether conclusions were affected,none,,Included because the task asked for Iaccarino corrections; content per PubMed record | Crossref title/year/journal + PubMed PMID matched 2026-09-30,mechanisms_trials
M03,dispute,Iaccarino,2024,Author Correction: Gamma frequency entrainment attenuates amyloid load and modifies microglia,Nature,10.1038/s41586-024-08343-7,39592835,yes,Published correction,,Administrative correction: first author's name updated in HTML/PDF (per web-indexed correction text; Nature page paywalled to fetcher),Not a scientific correction; do not cite as evidence against M01,none,,"Content summary from web search snippet of the correction notice, not full text | Crossref title/year/journal + PubMed PMID matched 2026-09-30",mechanisms_trials
M05,mechanism,Martorell,2019,Multi-sensory Gamma Stimulation Ameliorates Alzheimer's-Associated Pathology and Improves Cognition,Cell,10.1016/j.cell.2019.02.014,30879788,yes,"40 Hz auditory tones alone and combined audio-visual GENUS; electrophysiology (AC, CA1); IHC; SHIELD whole-brain clearing",Mouse (5XFAD; P301S); 7 days x 1 h/day; auditory and audiovisual,7 days auditory GENUS improved spatial/recognition memory and reduced amyloid in auditory cortex and hippocampus; reduced p-tau in P301S; only combined AV produced microglial clustering and mPFC amyloid reduction,Single lab; short treatment; recordings in mice with implants; not independently replicated for auditory arm,none found (PubMed-GEO elink empty),,Key source for 'auditory 40 Hz reaches hippocampus' claim in mice | Crossref title/year/journal + PubMed PMID matched 2026-09-30,mechanisms_trials
M06,mechanism,Adaikkan,2019,Gamma Entrainment Binds Higher-Order Brain Regions and Offers Neuroprotection,Neuron,10.1016/j.neuron.2019.04.011,31076275,yes,Chronic visual GENUS; LFP in V1/CA1/PFC; histology; transcriptomics and phosphoproteomics,Mouse (Tau P301S; CK-p25); weeks of daily 1 h; visual,"Visual GENUS entrained gamma in V1, hippocampus and PFC; preserved neuronal/synaptic density; reduced microglial inflammatory response and neuronal DNA damage",Neurodegeneration models not amyloid-driven; same lab; hippocampal entrainment disputed by D01/D05,GSE115244 (RNA-seq; 43 samples; CK-p25 and P301S +/- GENUS; RAW.tar downloadable),,Crossref title/year/journal + PubMed PMID matched 2026-09-30,mechanisms_trials
M07,mechanism,Garza,2020,Gamma Visual Stimulation Induces a Neuroimmune Signaling Profile Distinct from Acute Neuroinflammation,Journal of Neuroscience,10.1523/JNEUROSCI.1511-19.2019,31871276,yes,5-60 min 40 Hz vs control flicker; multiplex cytokine and phosphoprotein assays,Mouse (WT male); visual,"40 Hz flicker increased IL-6, IL-4, M-CSF, MIG and upregulated NF-kB and MAPK phospho-signaling; profile distinct from LPS inflammation",Healthy males only; visual cortex only; protein panels not omics-wide,none (multiplex data in paper),,Singer lab (Georgia Tech/Emory) | Crossref title/year/journal + PubMed PMID matched 2026-09-30,mechanisms_trials
M08,omics,Prichard,2023,Brain rhythms control microglial response and cytokine expression via NF-kB signaling,Science Advances,10.1126/sciadv.adf5672,37556553,yes,40 Hz vs 20 Hz visual/AV flicker; NF-kB inhibition; bulk RNA-seq visual cortex,Mouse (WT); 1 h; visual / audiovisual,40 and 20 Hz rhythms differentially shape microglial morphology and cytokines; phospho-NF-kB mostly in neurons; NF-kB inhibition blunted flicker-induced cytokines and microglial changes,Healthy mice; acute only,GSE226822 (bulk RNA-seq V1; ambient/20 Hz/40 Hz; n=4/group; 12 samples); GSE225842 (bulk RNA-seq V1; 20 vs 40 Hz; 14 samples; normalized counts CSV),,Crossref title/year/journal + PubMed PMID matched 2026-09-30,mechanisms_trials
M09,mechanism,Suk,2023,Vibrotactile stimulation at gamma frequency mitigates pathology related to neurodegeneration and improves motor function,Frontiers in Aging Neuroscience,10.3389/fnagi.2023.1129510,37273653,yes,Whole-body 40 Hz vibrotactile stimulation; c-Fos; histology; motor tests,Mouse (Tau P301S; CK-p25); multiple weeks daily; tactile,"40 Hz vibration increased activity in SSp/MOp, reduced pathology there and improved motor performance",Effects local to somatosensory/motor cortex; no amyloid model; single lab,none found,,Tactile modality evidence | Crossref title/year/journal + PubMed PMID matched 2026-09-30,mechanisms_trials
M10,mechanism,Murdock,2024,Multisensory gamma stimulation promotes glymphatic clearance of amyloid,Nature,10.1038/s41586-024-07132-6,38418876,yes,Audiovisual 40 Hz; CSF tracer influx/ISF efflux; AQP4 polarization; meningeal lymphatics; chemogenetics of VIP interneurons; snRNA-seq,"Mouse (5XFAD, 6 mo); acute and chronic; audiovisual","40 Hz AV increased CSF influx and ISF efflux, AQP4 polarization and meningeal lymphatic diameter; blocking glymphatic clearance abolished amyloid removal; VIP interneurons regulate arterial pulsatility",Depends on glymphatic tracer paradigms whose interpretation is contested (D08-D10); single lab,"GSE249644 (snRNA-seq cortex; 4 pooled replicates x 2 groups, each pool = 3 mice; counts.rds + meta.rds downloadable)",,Crossref title/year/journal + PubMed PMID matched 2026-09-30,mechanisms_trials
M11,mechanism,Rodrigues-Amorim,2024,Multisensory gamma stimulation mitigates the effects of demyelination induced by cuprizone in male mice,Nature Communications,10.1038/s41467-024-51003-7,39112447,yes,Long-term audiovisual GENUS during cuprizone demyelination; histology; electrophysiology; snRNA-seq of corpus callosum,Mouse (C57BL/6J male; cuprizone); weeks; audiovisual,"GENUS reduced demyelination, promoted oligodendrogenesis, preserved synaptic plasticity, reduced oligodendrocyte ferroptosis and inflammation",Males only; toxic demyelination model rather than AD,"GSE240815 (snRNA-seq corpus callosum; 16 mice; ~37,000 nuclei; RAW.tar downloadable)",,Myelin/oligodendrocyte mechanism; matches human white-matter signal in H06 | Crossref title/year/journal + PubMed PMID matched 2026-09-30,mechanisms_trials
M12,mechanism,Kim,2024,Gamma entrainment using audiovisual stimuli alleviates chemobrain pathology and cognitive impairment induced by chemotherapy in mice,Science Translational Medicine,10.1126/scitranslmed.adf4601,38446899,yes,Audiovisual GENUS during/after cisplatin or methotrexate; behavior; histology; single-cell RNA-seq hippocampus,Mouse (cisplatin and methotrexate models); audiovisual,"GENUS given concurrently with chemotherapy reduced brain pathology, promoted oligodendrocyte survival, improved cognition (effects up to 105 days); limited benefit when started 90 days later",Not an AD model; timing-dependent effect,GSE216146 (scRNA-seq hippocampus; 12 samples; h5ad + mtx downloadable),,Second oligodendrocyte-related GENUS dataset | Crossref title/year/journal + PubMed PMID matched 2026-09-30,mechanisms_trials
M13,omics,Islam,2025,Multisensory gamma stimulation enhances adult neurogenesis and improves cognitive function in male mice with Down Syndrome,PLOS ONE,10.1371/journal.pone.0317428,40273201,yes,3 weeks daily 1 h 40 Hz AV; behavior; neurogenesis; hippocampal snRNA-seq,Mouse (Ts65Dn male); audiovisual,40 Hz AV enhanced adult neurogenesis and improved cognition in Down syndrome model mice,Males only; DS model; small snRNA-seq n,GSE243390 (snRNA-seq hippocampus; 6 samples; Seurat RData downloadable),,Abstract not returned by PubMed efetch; summary from title and GEO description | Crossref title/year/journal + PubMed PMID matched 2026-09-30,mechanisms_trials
M14,mechanism,Sun,2024,40 Hz light flickering facilitates the glymphatic flow via adenosine signaling in mice,Cell Discovery,10.1038/s41421-024-00701-z,39103336,yes,40 Hz light; fluorescent tracers; two-photon; DCE-MRI; ENT2/A2AR pharmacology and genetics,Mouse; visual,"40 Hz light enhanced glymphatic influx/efflux independent of sleep/anesthesia via adenosine-A2AR signaling, AQP4 polarization and vasomotion",Independent lab supports glymphatic claim but uses the same tracer framework contested in D08,none found,,Independent (non-Tsai) support for M10 | Crossref title/year/journal + PubMed PMID matched 2026-09-30,mechanisms_trials
M15,mechanism,Zhou,2024,40 Hz light flickering promotes sleep through cortical adenosine signaling,Cell Research,10.1038/s41422-023-00920-1,38332199,yes,Adenosine sensors; V1 ablation/chemogenetics; ENT2 knockout; small human insomnia study,Mouse + children with insomnia; visual,40 Hz (maximal at 4000 lux) raised cortical adenosine via neuronal ENT2 and increased NREM/REM sleep 2-3 h; also improved sleep in children with insomnia,Very bright light; sleep effect may confound cognitive and clearance outcomes in other studies,none found,,"Links flicker to sleep, relevant to D08-D10 sleep/clearance debate | Crossref title/year/journal + PubMed PMID matched 2026-09-30",mechanisms_trials
M16,mechanism,Lavoie,2024,The role of cholinergic signaling in multi-sensory gamma stimulation induced perivascular clearance of amyloid,bioRxiv (preprint),10.1101/2024.11.27.625739,39651179,yes,Whole-brain activity mapping; ACh sensors; vascular imaging; cholinergic inhibition,Mouse (AD model); audiovisual,"GENUS engaged cholinergic basal forebrain, increased cortical ACh, vasodilation, vasomotion and perivascular clearance; cholinergic blockade abolished amyloid reduction",Preprint (not peer reviewed as of search); note Soula D01 linked flicker to aversive cholinergic activity,not checked,,Tsai lab; cholinergic mechanism could reflect arousal/aversion rather than therapy | Crossref title/year/journal + PubMed PMID matched 2026-09-30,mechanisms_trials
M17,mechanism,Paulson,2025,40 Hz sensory stimulation enhances CA3-CA1 coordination and prospective coding during navigation in a mouse model of Alzheimer's disease,Proceedings of the National Academy of Sciences,10.1073/pnas.2419364122,40261930,yes,Large-scale hippocampal unit recordings during navigation after 8 days of 1 h AV flicker,Mouse (5XFAD); audiovisual,40 Hz flicker increased CA3-CA1 coordination and prospective coding of future positions during navigation,Recordings not during stimulation; short treatment,none found,,Singer lab; hippocampal effect without requiring entrainment during recording | Crossref title/year/journal + PubMed PMID matched 2026-09-30,mechanisms_trials
M18,mechanism,Trinchero,2026,Audiovisual gamma stimulation restores hippocampal neurogenesis and neural circuit plasticity in aging mice,Molecular Psychiatry,10.1038/s41380-025-03436-9,41454133,yes,40 Hz AV (AuViS); dentate gyrus LFP; neurogenesis; TrkB dependence,Mouse (middle-aged WT); audiovisual,"AuViS increased dentate gyrus gamma, restored neurogenesis and newborn neuron maturation; TrkB-dependent",Healthy aging not AD,not checked,,Independent lab (Argentina) | Crossref title/year/journal + PubMed PMID matched 2026-09-30,mechanisms_trials
M19,mechanism,Bitarafan,2025,Frequency and duration of sensory flicker control transcriptional profiles in 5xFAD mice,APL Bioengineering,10.1063/5.0261497,40642323,yes,AV flicker at multiple frequencies and durations; bulk transcriptomics in V1 and hippocampus,Mouse (5XFAD and WT); audiovisual,All frequencies rapidly activated an immune gene module in visual cortex within 0.5 h and suppressed synaptic genes after 4 h; in hippocampus 20 Hz (not 40 Hz) activated metabolic/mitochondrial module,Frequency-specificity of 40 Hz not supported for immune module in V1,"Probably GSE255004 (176 samples; WT and 5xFAD; VC and hippocampus; 10/20/40 Hz and light; 3 time points; raw count CSV) - GEO title differs and no PMID link, so linkage UNCONFIRMED",,Singer lab | Crossref title/year/journal + PubMed PMID matched 2026-09-30,mechanisms_trials
M20,mechanism,Tinston,2025,Forty-hertz sensory entrainment impedes kindling epileptogenesis and reduces amyloid pathology in an Alzheimer disease mouse model,Epilepsia,10.1111/epi.18222,39737719,yes,1 h/day 40 Hz AV vs sham during amygdala kindling; histology,Mouse (5XFAD and WT; n=7-11/group); audiovisual,40 Hz slowed kindling epileptogenesis and reduced amyloid ~50% in 5XFAD; astro/microglia markers upregulated,Small groups; kindling model,none found,,Independent lab (Canada) | Crossref title/year/journal + PubMed PMID matched 2026-09-30,mechanisms_trials
M21,mechanism,Gu,2026,High intensity 40 Hz flicker improves amyloid pathology and cognition with autophagy in 3xTg mice,iScience,10.1016/j.isci.2026.115994,42239728,yes,40 Hz visual at 100-500 vs 1100-1500 lux; behavior; AMPK/mTOR/autophagy markers; 3-MA blockade,"Mouse (3xTg-AD, 19-24 weeks); visual","Only high-intensity flicker improved cognition, reduced neuronal Abeta and preserved synapses in V1 and hippocampus; low intensity mostly V1 changes",Suggests dose (luminance) explains some replication failures; single study,not checked,,Relevant to D01/D02 parameter differences | Crossref title/year/journal + PubMed PMID matched 2026-09-30,mechanisms_trials
M22,mechanism,Bressan,2026,Visual gamma stimulation causes prolonged enhancement of low-frequency blood flow oscillations across superficial cortical regions in mice,Journal of Cerebral Blood Flow & Metabolism,10.1177/0271678X261492627,42751925,yes,Laser speckle contrast imaging before/during/after 1 h 40 Hz vs constant light,"Mouse (C57BL/6, n=18, 9M/9F, 18-60 weeks); visual",GENUS increased 0.2-0.4 Hz vasomotion by 38% during and 30% 30 min after stimulation across many cortical regions,Healthy mice; surface cortex only; online-first (EXPRESS),not checked,,Vasomotion mechanism; preprint version 10.64898/2026.05.31.729102 | Crossref title/year/journal + PubMed PMID matched 2026-09-30,mechanisms_trials
M23,mechanism,Wang,2026,Long-term effects of forty-hertz auditory stimulation as a treatment of Alzheimer's disease: Insights from an aged monkey model study,Proceedings of the National Academy of Sciences,10.1073/pnas.2529565123,41490490,yes,7 days 40 Hz auditory stimulation; serial CSF Abeta/tau; postmortem pathology in 4,"Rhesus macaque (n=9, aged 26-31 y); auditory",CSF Abeta rose >200% and stayed elevated >5 weeks after stimulation; no CSF tau change; plaques present in temporal cortex of examined monkeys,No sham/control group described in abstract; CSF Abeta rise interpreted as clearance but could reflect other processes; n=9,not checked,,Only non-human primate 40 Hz sensory study found | Crossref title/year/journal + PubMed PMID matched 2026-09-30,mechanisms_trials
M25,mechanism,Katsuki,2026,Early Loss of Deep Restorative Sleep and Auditory Stimulus Evoked 40-Hz activity of Hippocampal Parvalbumin Neurons in the APP/PS1 Mouse Model of Alzheimer's Disease,bioRxiv (preprint),10.64898/2026.05.26.725476,42427748,yes,Longitudinal LFP + fiber photometry of hippocampal PV neurons; 40 Hz auditory steady-state responses,"Mouse (APP/PS1/PV-cre, 3-6 months); auditory ASSR","40 Hz ASSR and PV calcium responses were impaired by 3 months, before cognitive deficits","Preprint; animal ASSR (contrast with increased ASSR in human AD, A01-A02)",not checked,,Animal counterpart for human_ASSR rows | Crossref title/year/journal + PubMed PMID matched 2026-09-30,mechanisms_trials
D01,dispute,Soula,2023,Forty-hertz light stimulation does not entrain native gamma oscillations in Alzheimer's disease model mice,Nature Neuroscience,10.1038/s41593-023-01270-2,36879142,yes,"Multisite silicon probes (V1, entorhinal cortex, hippocampus); 2-photon imaging; IHC; Abeta ELISA",Mouse (APP/PS1; 5xFAD); visual,"40 Hz flicker did not engage native gamma; weak hippocampal spike responses; mice avoided the flicker (with elevated hippocampal cholinergic activity); no reliable change in plaques, microglia or Abeta40/42","Visual only; parameters (luminance, duration) differ from Tsai protocol",not checked,,Buzsaki lab. Main failed replication | Crossref title/year/journal + PubMed PMID matched 2026-09-30,mechanisms_trials
D02,dispute,Yang,2023,"Chronic Visual Stimulation with LED Light Flickering at 24, 40, or 80 Hz Failed to Reduce Amyloid beta Load in the 5XFAD Alzheimer's Disease Mouse Model",eNeuro,10.1523/ENEURO.0189-23.2023,37550065,yes,Daily 1 h continuous light or 24/40/80 Hz flicker for 5 weeks; IHC,"Mouse (5XFAD, 33 weeks old); visual",5 weeks of 40 Hz flicker did not increase microglial size or reduce Abeta in visual cortex or hippocampus,Older mice with heavy plaque load; no electrophysiology to confirm entrainment,none,,Authors Yang and Lai (the 'Yang & Lai' paper in the brief) | Crossref title/year/journal + PubMed PMID matched 2026-09-30,mechanisms_trials
D03,dispute,Kahn,2023,Gamma sensory stimulation and effects on the brain,bioRxiv (preprint),10.1101/2023.10.30.564197,none (not in PubMed by DOI search),yes,Multi-lab reanalysis and new data responding to D01,Mouse; visual/audiovisual,Tsai lab and collaborators argue 40 Hz stimulation evokes a 40 Hz neural response and attenuates pathology; Soula's data are consistent with a 40 Hz response and the disagreement is partly about the word 'entrainment',Preprint; not found as a peer-reviewed Matters Arising in Nature Neuroscience,none,,No PMID found by DOI search; no published Matters Arising or reply found in Crossref/PubMed | Crossref title/year/journal + PubMed PMID matched 2026-09-30,mechanisms_trials
D04,dispute,Schneider,2023,Cell-type-specific propagation of visual flicker,Cell Reports,10.1016/j.celrep.2023.112492,37195864,yes,"Neuropixels in LGN, V1 and CA1 during flicker; optotagging; computational model",Mouse (WT); visual,"Phase locking strong in LGN up to 40 Hz, weaker in V1, absent in CA1; 40 Hz mainly entrains fast-spiking PV/Sst interneurons",WT mice; acute,not checked,,Vinck lab; independent support for 'light does not reach hippocampus' side | Crossref title/year/journal + PubMed PMID matched 2026-09-30,mechanisms_trials
D05,dispute,Mlinaric,2025,Visual gamma stimulation induces 40 Hz neural oscillations in the human hippocampus and alters phase synchrony and lag,Communications Biology,10.1038/s42003-025-08766-6,40883560,yes,Intracranial EEG (490 contacts) during 40 Hz visual stimulation +/- oddball task,Human (11 refractory epilepsy patients); visual,40 Hz visual stimulation entrained hippocampus and temporal/frontal cortex; a simple task increased strength and spread of entrainment,"Epilepsy patients, not AD; acute",not checked,,Human evidence on the opposite side of D01/D04; attention/task state may reconcile the dispute (speculative) | Crossref title/year/journal + PubMed PMID matched 2026-09-30,mechanisms_trials
D06,dispute,Ismail,2018,The Effect of 40-Hz Light Therapy on Amyloid Load in Patients with Prodromal and Clinical Alzheimer's Disease,International Journal of Alzheimer's Disease,10.1155/2018/6852303,30155285,yes,"10 days, 2 h/day 40 Hz LED; PiB PET day 11",Human (n=6 Abeta+ prodromal/clinical AD); visual,No significant decrease in PiB SUVR in any region,"Very small, short, uncontrolled; no EEG confirmation of entrainment",none,,Journal is Int J Alzheimer's Dis (not J Alzheimer's Dis as in the brief) | Crossref title/year/journal + PubMed PMID matched 2026-09-30,mechanisms_trials
D07,dispute,Wu,2025,"Single-session gamma sensory stimulation entrains real-time electroencephalography but does not enhance perception, attention, short-term memory, or long-term memory",Journal of Alzheimer's Disease Reports,10.1177/25424823241311927,40034515,yes,30 min synchronized 40 Hz AV; EEG during and after; cognitive battery,Human (participants per full text); audiovisual,Robust online 40 Hz entrainment but no post-stimulation 40 Hz oscillation and no cognitive improvement,Single session only,not checked,,Human null result on after-effects | Crossref title/year/journal + PubMed PMID matched 2026-09-30,mechanisms_trials
D08,dispute,Miao,2024,Brain clearance is reduced during sleep and anesthesia,Nature Neuroscience,10.1038/s41593-024-01638-y,38741022,yes,Fluorescent tracer movement and clearance measurements across sleep/wake/anesthesia,Mouse (male); n/a stimulation,"Brain clearance was reduced, not increased, during sleep and anesthesia; tracer movement independent of state","Method differences from glymphatic labs are themselves disputed (D09, D10)",not checked,,Franks/Wisden lab. Author Correction 10.1038/s41593-024-01698-0 (PMID 38877307). Challenges the glymphatic framework used by M10 and M14 | Crossref title/year/journal + PubMed PMID matched 2026-09-30,mechanisms_trials
D09,dispute,Hauglund,2025,Norepinephrine-mediated slow vasomotion drives glymphatic clearance during sleep,Cell,10.1016/j.cell.2024.11.027,39788123,yes,"Imaging of NE oscillations, vasomotion and CSF flow in NREM sleep; pharmacology",Mouse; n/a stimulation,Infraslow NE-driven vasomotion during NREM sleep drives glymphatic clearance,Opposes D08; debate unresolved,not checked,,"Nedergaard lab; vasomotion link connects to M14, M22 | Crossref title/year/journal + PubMed PMID matched 2026-09-30",mechanisms_trials
D10,dispute,Kroesbergen,2024,Glymphatic clearance is enhanced during sleep,bioRxiv (preprint),10.1101/2024.08.24.609514,39314459,yes,Tracer clearance measurements in sleep vs wake,Mouse; n/a stimulation,"Reports enhanced clearance during sleep, contradicting D08",Preprint,not checked,,Direct counter to D08 | Crossref title/year/journal + PubMed PMID matched 2026-09-30,mechanisms_trials
D11,dispute,Lo,2025,Invisible multi-luminaire 40 Hz flicker does not entrain human electroencephalography,Journal of Alzheimer's Disease,10.1177/13872877251345352,40397383,yes,EEG during commercial 'invisible' multi-luminaire 40 Hz lamp vs stroboscopic control,Human (healthy participants); visual,No 40 Hz EEG response to the multi-luminaire lamp in direct or indirect viewing; stroboscopic control entrained all participants,Tests one commercial product,not checked,,Consumer 40 Hz lamps may not deliver any stimulus effect | Crossref title/year/journal + PubMed PMID matched 2026-09-30,mechanisms_trials
D13,dispute,Qi,2026,"Neurobiological mechanisms of 40-Hz stimulation in Alzheimer's disease: evidence, heterogeneity, and constraints",Alzheimer's & Dementia,10.1002/alz.71806,42693677,yes,Narrative review,,"Synthesizes supportive and conflicting data; distinguishes 'physiological resonance' from 'artificial superimposition'; points to disease stage, sex and behavioral state as sources of heterogeneity",Review (secondary source),none,,Most recent (Sept 2026) synthesis of the dispute | Crossref title/year/journal + PubMed PMID matched 2026-09-30,mechanisms_trials
H01,human_trial,Chan,2022,Gamma frequency sensory stimulation in mild probable Alzheimer's dementia patients: Results of feasibility and pilot studies,PLOS ONE,10.1371/journal.pone.0278412,36454969,yes,"Phase 1 single-session feasibility (NCT04042922) + single-blind randomized placebo-controlled Phase 2A for 3 months (NCT04055376); EEG, iEEG, MRI","Human (Ph1: 25 controls, 16 mild AD, 2 iEEG epilepsy; Ph2A: n=15 mild AD); audiovisual","Safe; entrainment in cortex and in hippocampus/amygdala on iEEG (n=2); 40 Hz group had less ventricular dilation and hippocampal atrophy, higher DMN connectivity, better face-name delayed recall",n=15 in Phase 2A; exploratory outcomes; no amyloid change reported,none,,MIT (Tsai lab) | Crossref title/year/journal + PubMed PMID matched 2026-09-30,mechanisms_trials
H02,human_trial,Chan,2025,Gamma sensory stimulation in mild Alzheimer's dementia: An open-label extension study,Alzheimer's & Dementia,10.1002/alz.70792,41137616,yes,Open-label 2-year extension; EEG; MRI; actigraphy; plasma pTau217,Human (n=5 mild AD; 3 late-onset); audiovisual,No adverse events; 3 late-onset AD patients kept strong entrainment and declined less than matched NACC/ADNI/LEADS controls; pTau217 fell 47% and 19% in the 2 with plasma,"n=5, open-label, external controls; biomarker n=2",none,,Extension of H01 Phase 2A | Crossref title/year/journal + PubMed PMID matched 2026-09-30,mechanisms_trials
H03,human_trial,He,2021,A feasibility trial of gamma sensory flicker for patients with prodromal Alzheimer's disease,Alzheimer's & Dementia: Translational Research & Clinical Interventions,10.1002/trc2.12178,34027028,yes,Delayed-start 4 or 8 weeks home AV flicker; EEG; MRI; CSF proteomics,Human (n=10 MCI due to AD); audiovisual,"Safe, tolerable, adherent; neural entrainment; preliminary network (MRI) and CSF immune changes",No control group; amyloid PET outcome not stated in abstract (check full text before claiming 'no amyloid change'),none,,Emory/Georgia Tech (Singer); FLICKER trial NCT03543878 | Crossref title/year/journal + PubMed PMID matched 2026-09-30,mechanisms_trials
H04,human_trial,Cimenser,2021,Sensory-Evoked 40-Hz Gamma Oscillation Improves Sleep and Daily Living Activities in Alzheimer's Disease Patients,Frontiers in Systems Neuroscience,10.3389/fnsys.2021.746859,34630050,yes,Randomized sham-controlled 6 months; actigraphy; ADCS-ADL,"Human (n=22 mild-moderate AD; 14 active, 8 sham); audiovisual (Cognito device)",Active group had fewer nighttime active periods and maintained ADCS-ADL; sham declined,"Small; registered as NCT03556280 (same trial as H05), so partly overlapping data",none,,Cognito Therapeutics | Crossref title/year/journal + PubMed PMID matched 2026-09-30,mechanisms_trials
H05,human_trial,Hajos,2024,"Safety, tolerability, and efficacy estimate of evoked gamma oscillation in mild to moderate Alzheimer's disease",Frontiers in Neurology,10.3389/fneur.2024.1343588,38515445,yes,OVERTURE: randomized double-blind sham-controlled 6 months (NCT03556280),"Human (n=76 mild-moderate AD, MMSE 14-26, 2:1 active:sham); audiovisual","Safe, no ARIA, 85-90% adherence; NO separation on primary MADCOMS or on CDR-SB/ADAS-Cog14; nominal slowing on ADCS-ADL, MMSE and whole-brain volume",Not powered for efficacy; primary efficacy composite negative; secondary results nominal only,none,,Cognito Therapeutics; basis for HOPE (H14) | Crossref title/year/journal + PubMed PMID matched 2026-09-30,mechanisms_trials
H06,human_trial,Da,2024,Noninvasive Gamma Sensory Stimulation May Reduce White Matter and Myelin Loss in Alzheimer's Disease,Journal of Alzheimer's Disease,10.3233/JAD-230506,38073386,yes,OVERTURE MRI secondary analysis (T1w volume; T1w/T2w myelin),"Human (n=38 white matter, n=36 myelin); audiovisual","Active treatment associated with less white matter atrophy and myelin content loss, strongest in entorhinal region",Post hoc subset of H05; sponsor-authored,none,,Human counterpart to M11 myelin finding | Crossref title/year/journal + PubMed PMID matched 2026-09-30,mechanisms_trials
H07,human_trial,Da,2024,Spectris treatment preserves corpus callosum structure in Alzheimer's disease,Frontiers in Neurology,10.3389/fneur.2024.1452930,39479005,yes,OVERTURE structural MRI; Bayesian mixed-effects,"Human (n=50; 33 active, 17 sham); audiovisual",Corpus callosum area loss reduced by ~2.3% vs sham at 6 months,Subset of H05; sponsor-authored,none,,Crossref title/year/journal + PubMed PMID matched 2026-09-30,mechanisms_trials
H08,human_trial,Hajos,2025,CSF proteomics reveals changes in myelin and synaptic biology after Spectris treatment,Alzheimer's & Dementia: Translational Research & Clinical Interventions,10.1002/trc2.70051,39935616,yes,TMT mass-spec CSF proteomics before and after 8 weeks (FLICKER NCT03543878),Human (n=10 amyloid+ MCI; n=5 at 8 weeks); audiovisual,"110/2951 CSF proteins changed at P<0.05 (no FDR correction), mapped to myelin and synaptic modules",n=5 paired; no multiple-comparison correction; no control group,not stated in abstract (check full text),,Human CSF proteomics; same cohort as H03 | Crossref title/year/journal + PubMed PMID matched 2026-09-30,mechanisms_trials
H09,human_trial,Kern,2025,Time saved in activities of daily living and whole-brain volume: Post hoc analysis of a randomized feasibility trial of gamma oscillation treatment in participants with mild or moderate Alzheimer's disease,Alzheimer's & Dementia: Translational Research & Clinical Interventions,10.1002/trc2.70118,40501511,yes,Post hoc time-saved modelling of OVERTURE incl. open-label extension,Human (OVERTURE n=76); audiovisual,"Estimated 4.83, 4.59 and 4.09 months saved over 6 months on ADCS-ADL, MMSE and whole-brain volume",Post hoc; primary outcome negative; sponsor-authored,none,,Crossref title/year/journal + PubMed PMID matched 2026-09-30,mechanisms_trials
H10,human_trial,Clements-Cortes,2016,Short-Term Effects of Rhythmic Sensory Stimulation in Alzheimer's Disease: An Exploratory Pilot Study,Journal of Alzheimer's Disease,10.3233/JAD-160081,27031491,yes,AB crossover: 40 Hz sound (somatosensory/vibroacoustic) vs DVD visual control; 6 sessions each over 6 weeks; SLUMS,"Human (n=18 AD; 6 mild, 6 moderate, 6 severe); auditory/vibroacoustic",SLUMS slopes significant for 40 Hz treatment but not DVD; strongest in mild/moderate,No EEG; non-blinded; regression on small series,none,,Auditory-only (sound/vibration) human study | Crossref title/year/journal + PubMed PMID matched 2026-09-30,mechanisms_trials
H11,human_trial,Clements-Cortes,2022,Long-Term Multi-Sensory Gamma Stimulation of Dementia Patients: A Case Series Report,International Journal of Environmental Research and Public Health,10.3390/ijerph192315553,36497624,yes,"Case series; 40 Hz isochronous sound via vibroacoustic chair, 5x/week 30 min for 1 year",Human (n=3 AD/MCI); auditory/vibroacoustic,Cognition maintained and mood improved over a year,Case series; no controls; no EEG,none,,Crossref title/year/journal + PubMed PMID matched 2026-09-30,mechanisms_trials
H12,human_trial,Lahijanian,2024,Auditory gamma-band entrainment enhances default mode network connectivity in dementia patients,Scientific Reports,10.1038/s41598-024-63727-z,38849418,yes,EEG during 40 Hz auditory stimulation vs rest; phase-locking value connectivity,Human (elderly with dementia; n per OpenNeuro ds005048 = 35 subjects); auditory,40 Hz auditory stimulation increased fronto-parietal (DMN) synchrony during stimulation,"Single-session, acute; connectivity during stimulation may reflect the evoked response itself","OpenNeuro ds005048 v1.0.1 '40Hz Auditory Entrainment' (EEG, 35 subjects, ~373 MB; doi:10.18112/openneuro.ds005048.v1.0.1)",,"Link between paper and ds005048 taken from the brief and dataset authors (Lahijanian, Aghajan, Vahabi); dataset metadata verified via OpenNeuro API | Crossref title/year/journal + PubMed PMID matched 2026-09-30",mechanisms_trials
H13,human_trial,Lahijanian,2022,Non-invasive auditory brain stimulation for gamma-band entrainment in dementia patients: An EEG dataset,Data in Brief,10.1016/j.dib.2022.107839,35128001,yes,EEG dataset: rest + 6 x 40 Hz auditory chirp trials,"Human (n=13 elderly, normal aging or mild AD); auditory",Public BIDS EEG dataset of auditory 40 Hz entrainment in older adults / mild AD,Small; single session,OpenNeuro ds003800 'Auditory Gamma Entrainment' (13 subjects; verified via OpenNeuro API),,Other agent may also list this dataset | Crossref title/year/journal + PubMed PMID matched 2026-09-30,mechanisms_trials
H14,human_trial,Cognito Therapeutics (sponsor),2022,A Pivotal Study of Sensory Stimulation in Alzheimer's Disease (HOPE Study) - registry NCT05637801,ClinicalTrials.gov registry,none (registry NCT05637801),none,partial,Randomized double-blind sham-controlled pivotal device trial; primary endpoint iADMARS (integrated MMSE + ADCS-ADL),Human (n=673 actual; mild-moderate AD); audiovisual (Spectris AD),"Status COMPLETED: primary completion 2026-06-22, study completion 2026-08-17; no results posted (hasResults=false; last update 2026-09-09). No topline results found in web searches up to 2026-09-30; sponsor said in March 2026 topline 'expected later this year'",Results pending; primary efficacy of OVERTURE (H05) was negative,none (results not posted),,"Verified via ClinicalTrials.gov API v2 on 2026-09-30. Other registered 40 Hz sensory trials found via CT.gov API: NCT05655195 (MIT chronic GENUS, n=60), NCT05776641 (MGH prevention in at-risk normals, n=200), NCT05260177 (Zealand 40 Hz light, n=62), NCT07087951 (Chang Gung auditory, n=70), NCT07758751 (Tiantan multisensory, n=60), NCT05984524 (gamma-music, n=60), NCT03657745 (ALZLIFE light+cognitive, n=2000 est.) | No DOI (trial registry); record checked via ClinicalTrials.gov API v2 2026-09-30",mechanisms_trials
H15,human_trial,Cognito Therapeutics (sponsor),2024,"Extension to a Pivotal Study of Sensory Stimulation in Alzheimer's Disease (OLE Hope Study, CA-0015) - registry NCT06245031",ClinicalTrials.gov registry,none (registry NCT06245031),none,partial,Open-label extension of HOPE,Human (n=402 est.); audiovisual (GS120),Enrolling by invitation; start 2024-02-29; est. completion 2027-03,Open-label,none,,Verified via ClinicalTrials.gov API v2 on 2026-09-30 | No DOI (trial registry); record checked via ClinicalTrials.gov API v2 2026-09-30,mechanisms_trials
H17,human_trial,Johns Hopkins University (sponsor),2022,The Power of Sound and Music Interventions for Older Adults With Mild Cognitive Impairment - registry NCT05064007,ClinicalTrials.gov registry,none (registry NCT05064007),none,partial,Randomized 3-arm: 40 Hz music vs 40 Hz sound vs preferred music; Cogstate battery,Human (n=52 MCI); auditory-only,"Completed 2025-04; results posted on registry (episodic memory change: 40 Hz music -0.07, 40 Hz sound 0.07, preferred music 0.06); no linked results paper found",Small; no EEG entrainment outcome listed in first outcomes,Registry results tables (ClinicalTrials.gov),,Only registered auditory-only 40 Hz RCT in MCI with posted results found; qualitative paper 10.1016/j.gerinurse.2024.02.005 (not verified here) | No DOI (trial registry); record checked via ClinicalTrials.gov API v2 2026-09-30,mechanisms_trials
H18,human_trial,Park,2026,Restoration of gamma center frequency via personalized entrainment marks cognitive preservation in early Alzheimer's disease,GeroScience,10.1007/s11357-026-02235-6,41957314,yes,Open-label 12 weeks home flicker at individually optimized 32-40 Hz; 64-ch EEG; MMSE,"Human (screened 37, enrolled 16 amyloid+ early AD); visual","~30% of screened failed to show baseline entrainment; 44% showed center-frequency increase, which correlated with cognitive preservation (r=0.52)","Open-label, no sham, n=16",not checked,,Responder/non-responder subtype | Crossref title/year/journal + PubMed PMID matched 2026-09-30,mechanisms_trials
H19,human_trial,Reis,2026,Feasibility of immersive 40 Hz gamma sensory stimulation in early-stage Alzheimer's disease,The Journal of Prevention of Alzheimer's Disease,10.1016/j.tjpad.2026.100679,42790402,yes,Single-session within-subject sham-controlled VR audiovisual 40 Hz; EEG; memory,Human (n=11 MCI due to AD or mild AD); audiovisual VR,Safe; stronger 40 Hz EEG response than baseline and sham; exploratory better recall for items encoded during 40 Hz,"Single session, n=11",not checked,,Pilot in healthy older adults: Reis 2025 Sci Rep 10.1038/s41598-025-13725-6 | Crossref title/year/journal + PubMed PMID matched 2026-09-30,mechanisms_trials
H20,human_trial,Ang,2025,The safety and efficacy of gamma frequency auditory and visual stimulation in the treatment of alzheimer's disease: a systematic review and meta-analysis,Translational Psychiatry,10.1038/s41398-025-03788-4,41381439,yes,Systematic review and meta-analysis of controlled trials to Nov 2025,"Human (11 studies, 341 participants); auditory/visual","Safe overall (tinnitus risk higher); structural brain measures improved but NO significant effect on cognition (SMD 0.16, P=0.55) or ADL",High heterogeneity; many small sponsor-linked trials,none,,Crossref title/year/journal + PubMed PMID matched 2026-09-30,mechanisms_trials
H21,human_trial,Bolland,2025,Efficacy of auditory gamma stimulation for cognitive decline: a systematic review of individual and group differences across cognitively impaired and healthy populations,npj Aging,10.1038/s41514-025-00305-1,41350292,yes,Systematic review (62 studies),Human; auditory,Animal findings on amyloid clearance and neuroinflammation not consistently replicated in humans; neurophysiological response did not reliably predict benefit; 32 different neurophysiological measures used,Review,none,,Supports auditory-only gap statements | Crossref title/year/journal + PubMed PMID matched 2026-09-30,mechanisms_trials
T01,tACS,Benussi,2021,"Exposure to gamma tACS in Alzheimer's disease: A randomized, double-blind, sham-controlled, crossover, pilot study",Brain Stimulation,10.1016/j.brs.2021.03.007,33762220,yes,Single 60 min 40 Hz tACS over Pz vs sham; crossover; TMS SAI (cholinergic),Human (n=20 MCI-AD); tACS,Improved RAVLT recall after one gamma tACS session; cholinergic marker modulated,Single session; acute memory effect,none,,Crossref title/year/journal + PubMed PMID matched 2026-09-30,mechanisms_trials
T02,tACS,Benussi,2022,Increasing Brain Gamma Activity Improves Episodic Memory and Restores Cholinergic Dysfunction in Alzheimer's Disease,Annals of Neurology,10.1002/ana.26411,35607946,yes,Single 60 min gamma tACS over precuneus vs sham; crossover; EEG in subset,Human (n=60 AD); tACS,Improved RAVLT immediate/delayed recall and face-name associations vs sham; SAI restored,Single session,none,,Crossref title/year/journal + PubMed PMID matched 2026-09-30,mechanisms_trials
T03,tACS,Dhaynaut,2022,Impact of 40 Hz Transcranial Alternating Current Stimulation on Cerebral Tau Burden in Patients with Alzheimer's Disease: A Case Series,Journal of Alzheimer's Disease,10.3233/JAD-215072,34958021,yes,"1 h/day 40 Hz bitemporal tACS for 4 weeks; PiB, FTP (tau) and PBR28 (microglia) PET",Human (n=4 mild-moderate AD); tACS,p-tau PET fell >2% in 3/4 patients in targeted temporal regions; EEG gamma power increased,"n=4, no control",none,,MGH/Santarnecchi group (NCT03880240 family) | Crossref title/year/journal + PubMed PMID matched 2026-09-30,mechanisms_trials
T04,tACS,Sprugnoli,2021,Impact of multisession 40Hz tACS on hippocampal perfusion in patients with Alzheimer's disease,Alzheimer's Research & Therapy,10.1186/s13195-021-00922-4,34930421,yes,"40 Hz tACS 1 h/day for 2-4 weeks, temporal lobe; ASL MRI",Human (n=15 mild-moderate AD); tACS,Increased bilateral temporal perfusion; correlated with episodic memory change,Open-label,none,,Vascular mechanism parallel to M22 | Crossref title/year/journal + PubMed PMID matched 2026-09-30,mechanisms_trials
T05,tACS,Jones,2023,Gamma neuromodulation improves episodic memory and its associated network in amnestic mild cognitive impairment: a pilot study,Neurobiology of Aging,10.1016/j.neurobiolaging.2023.04.005,37276822,yes,Eight 60 min 40 Hz tACS sessions; memory; plasma AD biomarkers; RSFC,Human (n=13 aMCI); tACS,Memory improved; NO change in plasma AD biomarkers,Open-label pilot,none,,Crossref title/year/journal + PubMed PMID matched 2026-09-30,mechanisms_trials
T06,tACS,Cantoni,2025,Home-Based Gamma Transcranial Alternating Current Stimulation in Patients With Alzheimer Disease: A Randomized Clinical Trial,JAMA Network Open,10.1001/jamanetworkopen.2025.46556,41359335,yes,Double-blind sham-controlled 8 weeks home gamma tACS over precuneus (5x/week) + 8 weeks open-label,Human (n=50 prodromal/mild AD); tACS,"Significant benefit on CDR-SB, ADAS-Cog, ADCS-ADL and face-name test vs sham; gamma power and cholinergic markers increased; no plasma biomarker change",Single centre; short duration; small absolute effects,none,,NCT05643326 (tACS@Home). Crossref title omits the subtitle 'A Randomized Clinical Trial' that PubMed shows | Crossref title/year/journal + PubMed PMID matched 2026-09-30,mechanisms_trials
T07,tACS,Ma,2026,40 Hz biparietal transcranial alternating current stimulation for Alzheimer's disease: a prospective study,BMC Medicine,10.1186/s12916-026-04983-w,42363162,yes,"Randomized tACS vs sham, 15 days x 30 min biparietal; TMS-EEG; fMRI; 10-week follow-up",Human (mild AD; n per full text); tACS,Improved global cognition and several domains; increased DMN connectivity,Retrospectively registered; single centre,none,,Crossref title/year/journal + PubMed PMID matched 2026-09-30,mechanisms_trials
A01,human_ASSR,van Deursen,2011,40-Hz steady state response in Alzheimer's disease and mild cognitive impairment,Neurobiology of Aging,10.1016/j.neurobiolaging.2009.01.002,19237225,yes,EEG 40 Hz auditory click-train SSR; 1-week test-retest,"Human (15 mild AD, 20 MCI, 20 controls); auditory",40 Hz SSR power INCREASED in AD vs MCI and controls; high test-retest reliability; correlated with ADAS-cog,Small; drug-naive but mild AD only,none,,Contradicts assumption that AD brains cannot generate 40 Hz responses | Crossref title/year/journal + PubMed PMID matched 2026-09-30,mechanisms_trials
A02,human_ASSR,Osipova,2006,Enhanced magnetic auditory steady-state response in early Alzheimer's disease,Clinical Neurophysiology,10.1016/j.clinph.2006.05.034,16887381,yes,MEG 40 Hz monaural ASSR; dipole modelling,Human (mild-moderate AD vs age-matched controls); auditory,ASSR significantly INCREASED in AD; interpreted as reduced inhibition,Small; older methods,none,,Crossref title/year/journal + PubMed PMID matched 2026-09-30,mechanisms_trials
A03,human_ASSR,Shahmiri,2017,Effect of Mild Cognitive Impairment and Alzheimer Disease on Auditory Steady-State Responses,Basic and Clinical Neuroscience,10.18869/nirp.bcn.8.4.299,29158880,yes,"ASSR thresholds at 40 and 80 Hz modulation, 500-2000 Hz carriers","Human (12 AD, 15 MCI, 15 controls); auditory",Normal 40 vs 80 Hz threshold differences were largely lost in MCI and absent in AD,"Threshold (audiological) measure, not amplitude/phase-locking; small",none,,Crossref title/year/journal + PubMed PMID matched 2026-09-30,mechanisms_trials
A04,human_ASSR,Dobri,2023,Synchrony in auditory 40-Hz gamma oscillations increases in older age and correlates with hearing abilities and cortical GABA levels,Imaging Neuroscience,10.1162/imag_a_00035,40799718,yes,MEG 40 Hz ASSR in quiet and babble noise; MRS GABA,Human (young vs older adults); auditory,40 Hz ASSR amplitude increased in older adults; larger ASSR in noise linked to worse hearing; related to auditory cortex GABA,Healthy aging only; no AD,none,,Shows aging itself raises ASSR - confound for AD comparisons | Crossref title/year/journal + PubMed PMID matched 2026-09-30,mechanisms_trials
A05,human_ASSR,Mockevicius,2026,Developmental and aging trajectories of 40-Hz auditory steady-state responses: A systematic review across the human lifespan,Developmental Cognitive Neuroscience,10.1016/j.dcn.2026.101690,41671727,yes,Systematic review (40 studies),Human; auditory,"In adulthood/aging, findings heterogeneous (preserved, diminished or enhanced 40 Hz synchronization); sparse older-adult and longitudinal data",Review,none,,Crossref title/year/journal + PubMed PMID matched 2026-09-30,mechanisms_trials
A06,human_ASSR,Mao,2025,Auditory steady state response can predict declining EF in healthy elderly individuals,Frontiers in Aging Neuroscience,10.3389/fnagi.2025.1516932,39968122,yes,Longitudinal 40 Hz ASSR + cognition in Metropolit Birth Cohort; GLM; vision transformer,Human (healthy older adults aged 61-68); auditory,Individuals with declining cognition had larger area of entrainment and delayed ASSR assembly; associated with poorer executive function,Not AD-diagnosed; single cohort,not checked,,"Again, 'more' ASSR tracks decline | Crossref title/year/journal + PubMed PMID matched 2026-09-30",mechanisms_trials
A07,human_ASSR,Murty,2021,Stimulus-induced gamma rhythms are weaker in human elderly with mild cognitive impairment and Alzheimer's disease,eLife,10.7554/eLife.61666,34099103,yes,EEG during large gratings (induced gamma) and SSVEP,"Human (N=244; 227 healthy, 12 MCI, 5 AD); visual","Stimulus-induced (native) gamma lower in MCI/AD, but steady-state visual evoked responses were NOT different",Very small MCI/AD groups,not checked,,Native gamma vs driven steady-state response dissociate - central to D01 argument | Crossref title/year/journal + PubMed PMID matched 2026-09-30,mechanisms_trials
A08,human_ASSR,Ke,2025,The bidirectional effect of attention on gamma sensory stimulation: 40 Hz entrainment is weakened by externally-induced distraction but enhanced by internally-induced distraction,Journal of Alzheimer's Disease,10.1177/13872877251376383,40938966,yes,EEG 40 Hz entrainment under attention/distraction manipulations,Human (sample size per full text); auditory 40 Hz clicks,"40 Hz ASSR strong when attending, even stronger with internal (mind-wandering) distraction, minimal when a podcast competed with the clicks",Healthy participants; small sample per authors,not checked,,Relevant to D05 task effect and to home-use designs that add audio content; other agent covers measurement | Crossref title/year/journal + PubMed PMID matched 2026-09-30,mechanisms_trials
MEA01,measurement,Lachaux,1999,Measuring phase synchrony in brain signals,Human Brain Mapping,10.1002/(SICI)1097-0193(1999)8:4<194::AID-HBM4>3.0.CO;2-C,10619414.0,yes,"Phase-locking value (PLV): consistency of the phase difference between two signals across trials, with surrogate statistics",Simulations + human scalp EEG,Introduced PLV to quantify inter-site phase synchrony separately from amplitude,Inflated by volume conduction/common reference and by a shared driven input; biased upward with few trials,,ds005048's paper (DAT01) reports inter-site PLV during 40 Hz sound; a common 40 Hz evoked source seen at many electrodes can raise PLV without any real interaction between areas,,measurement_methods
MEA02,measurement,Stam,2007,Phase lag index: Assessment of functional connectivity from multi channel EEG and MEG with diminished bias from common sources,Human Brain Mapping,10.1002/hbm.20346,17266107.0,yes,Phase lag index (PLI): asymmetry of the phase-difference distribution; ignores zero-lag coupling,Coupled-oscillator model; EEG absence seizure; EEG 15 AD vs 13 controls; 2 MEG sets,PLI much less affected by common sources/reference than phase coherence; detected beta-band connectivity changes in AD,"Discards true zero-lag coupling; discontinuous near 0/pi; biased by noise and sample size (fixed by wPLI, MEA03)",,Lag-insensitive alternative to PLV for 40 Hz connectivity claims in dementia EEG,,measurement_methods
MEA03,measurement,Vinck,2011,"An improved index of phase-synchronization for electrophysiological data in the presence of volume-conduction, noise and sample-size bias",NeuroImage,10.1016/j.neuroimage.2011.01.055,21276857.0,yes,Weighted PLI (wPLI) and debiased wPLI estimator,Simulations + LFP/EEG examples,"wPLI weights by imaginary cross-spectrum magnitude, reducing noise sensitivity and sample-size bias vs PLI/ImC",Still blind to zero-lag interactions; needs enough trials; source leakage partly persists,,Recommended connectivity metric to re-test the 'frontal-parietal PLV increase' in DAT01 without volume-conduction inflation,,measurement_methods
MEA04,measurement,Tallon-Baudry,1996,Stimulus Specificity of Phase-Locked and Non-Phase-Locked 40 Hz Visual Responses in Human,The Journal of Neuroscience,10.1523/JNEUROSCI.16-13-04240.1996,8753885.0,yes,Time-frequency split into phase-locked (evoked) vs non-phase-locked (induced) gamma,"Human EEG, n=8, visual illusory-triangle task","Evoked (~40 Hz, ~100 ms) and induced (~280 ms) gamma behave differently across stimuli","Visual, young adults, transient not steady-state stimulation",,Basis for splitting the 40 Hz response into evoked power (average first) vs total/induced power (single-trial first); PAC or 'entrainment' measured on total power mixes the two,,measurement_methods
MEA05,measurement,Meigen,1999,On the statistical significance of electrophysiological steady-state responses,Documenta Ophthalmologica,10.1023/A:1002097208337,10945442.0,yes,Significance of steady-state responses: SNR against noise estimated from the two neighboring spectral lines,Analytical derivation for ERG/PERG/VEP steady-state recordings,Noise estimated from neighboring bins is far more sensitive than a separate no-stimulus recording (5% significance at SNR 2.82 vs 4.36),Assumes a smooth noise spectrum near the response frequency; the 1/f slope and line noise break this,,Gives a principled 40 Hz SNR vs neighboring-bin test for per-window/per-subject entrainment detection; bias from 1/f slope in older adults should be checked (MEA07),,measurement_methods
MEA06,measurement,van Diepen,2018,The Caveats of observing Inter-Trial Phase-Coherence in Cognitive Neuroscience,Scientific Reports,10.1038/s41598-018-20423-z,29445210.0,yes,Simulations of how power changes and evoked responses affect inter-trial phase coherence (ITPC),Simulated EEG,"Apparent ITPC changes can happen with no real change in ongoing phase, caused by power changes or overlapping evoked responses",Simulation-only; focused on alpha and pre-stimulus phase,,ITPC/phase-locking to 40 Hz sound cannot by itself separate 'entrained oscillator' from 'repeated evoked response',,measurement_methods
MEA07,measurement,Donoghue,2020,Parameterizing neural power spectra into periodic and aperiodic components,Nature Neuroscience,10.1038/s41593-020-00744-x,33230329.0,yes,FOOOF/specparam: fits the power spectrum as an aperiodic 1/f part plus Gaussian peaks,Simulations + human EEG/MEG/LFP (incl. aging working-memory data),Band power conflates periodic and aperiodic changes; the aperiodic exponent/offset change with age and state,Peak fitting is fragile when a narrow driven 40 Hz line sits on a broad spectrum; settings affect results,,"Needed to express 40 Hz SNR relative to the individual aperiodic background, because older/dementia EEG has a different 1/f slope",,measurement_methods
MEA08,entrainment_vs_evoked,Ross,2005,Stimulus Induced Desynchronization of Human Auditory 40-Hz Steady-State Responses,Journal of Neurophysiology,10.1152/jn.00469.2005,16107530.0,yes,"MEG 40 Hz ASSR (500 Hz tone, 40 Hz AM) with a concurrent contralateral noise burst","Human MEG, healthy young adults","Noise burst cut ASSR amplitude for ~250 ms, longer than the burst's own gamma response, so linear superposition cannot explain it; the ASSR then built up again as after onset",Young adults only; MEG; one type of perturbation,,"Rare direct evidence for 40 Hz AUDITORY that the ASSR has a nonlinear, resettable (oscillator-like) part; a perturbation/reset test not yet repeated in older adults or dementia",Categorized here as entrainment_vs_evoked (measurement paradigm),measurement_methods
PAC01,pac_pitfall,Tort,2010,Measuring Phase-Amplitude Coupling Between Neuronal Oscillations of Different Frequencies,Journal of Neurophysiology,10.1152/jn.00106.2010,20463205.0,yes,Modulation index (MI): KL divergence of the phase-binned amplitude distribution from uniform,Simulations + rodent hippocampal LFP,MI is a robust PAC measure that detects multimodal coupling; the paper sets out filtering and surrogate practice,Needs long data; biased for short windows; cannot tell true coupling from waveform-shape effects,,The project's PAC 'forecast' uses Tort MI in 2 s windows (theta phase x 38-42 Hz amplitude); see PAC03/PAC07/PAC08 for why this is questionable,,measurement_methods
PAC02,pac_pitfall,Aru,2015,Untangling cross-frequency coupling in neuroscience,Current Opinion in Neurobiology,10.1016/j.conb.2014.08.002,25212583.0,yes,Review: statistical and modeling approaches to CFC and their pitfalls,Review (methods),"Apparent CFC can come from non-stationarity, non-sinusoidal shape or sharp transients, missing oscillations, or too-narrow amplitude filters; the phase-giving oscillation must exist",Review; gives no single fix,,"Core citation for gap 1: theta-gamma PAC during 40 Hz sound needs a real theta oscillation, a wide enough amplitude band, and waveform checks",,measurement_methods
PAC03,pac_pitfall,Dvorak,2014,Toward a proper estimation of phase–amplitude coupling in neural oscillations,Journal of Neuroscience Methods,10.1016/j.jneumeth.2014.01.002,24447842.0,yes,"Simulation study of PAC estimation choices (filter bandwidth, data length, measure)",Simulations + rat hippocampal LFP,"The amplitude filter must be wide enough to hold the side-bands at f_amp +/- f_phase, or coupling is lost or distorted",Rodent/hippocampal; not about driven responses,,"Concrete pitfall: a 38-42 Hz amplitude band cannot contain side-bands at 40 +/- (4-8) Hz, so theta modulation of the 40 Hz envelope is mostly filtered out before MI is computed","Implication for the project pipeline is our inference from this paper, not tested by its authors",measurement_methods
PAC04,pac_pitfall,Hyafil,2015,Misidentifications of specific forms of cross-frequency coupling: three warnings,Frontiers in Neuroscience,10.3389/fnins.2015.00370,26500488.0,yes,Theory/simulation: three ways one CFC type gets mistaken for another,Simulations,"Bicoherence reflects PAC, not phase-phase coupling; PAC can masquerade as amplitude-amplitude coupling and the reverse; non-sinusoidal signals produce spurious CFC",Conceptual,,"A 40 Hz driven response amplitude-modulated by a theta/delta rhythm, or theta-locked evoked responses, can show up as 'theta-gamma PAC' without a gamma oscillator nested in theta",,measurement_methods
PAC05,pac_pitfall,Cole,2017,Brain Oscillations and the Importance of Waveform Shape,Trends in Cognitive Sciences,10.1016/j.tics.2016.12.008,28063662.0,yes,"Review of non-sinusoidal waveform shape (sharpness, rise-decay asymmetry) and how it breaks Fourier-based measures",Review with rodent/human examples,Non-sinusoidal oscillations create harmonics and spurious PAC; shape itself may carry physiological information,"Review; tools (e.g., bycycle) not validated for driven responses",,"ds005048 used a 40 Hz RECTANGULAR amplitude modulation, which likely gives a non-sinusoidal driven response with harmonics; shape should be checked before any CFC is interpreted",,measurement_methods
PAC06,pac_pitfall,Kramer,2008,Sharp edge artifacts and spurious coupling in EEG frequency comodulation measures,Journal of Neuroscience Methods,10.1016/j.jneumeth.2008.01.020,18328571.0,yes,Short communication: sharp edges/abrupt voltage steps in EEG comodulation measures,Simulations + EEG/ECoG examples,Abrupt voltage changes make broadband power that appears phase-locked to low frequencies (spurious coupling); detection checks proposed,"Short paper, few quantitative guidelines",,Stimulus on/off transitions (ON/OFF blocks) and click-like transients are exactly such sharp edges; PAC windows that span block boundaries are at risk,,measurement_methods
PAC07,pac_pitfall,Lozano-Soldevilla,2016,Neuronal Oscillations with Non-sinusoidal Morphology Produce Spurious Phase-to-Amplitude Coupling and Directionality,Frontiers in Computational Neuroscience,10.3389/fncom.2016.00087,27597822.0,yes,MEG lorazepam study + simulations of alpha-phase to beta/low-gamma amplitude coupling,"Human MEG (placebo, 0.5, 1.5 mg lorazepam) + synthetic data","Much of the observed alpha-to-beta/low-gamma coupling could be explained by non-sinusoidal alpha waveform (bicoherence at harmonics), with no cross-frequency directionality","Alpha band; resting/working-memory, not driven stimulation",,"Shows that 'coupling' up to ~45 Hz can be a harmonic artifact; relevant to reading theta/alpha-phase x 40 Hz PAC in older adults, whose rhythms change shape",,measurement_methods
PAC08,pac_pitfall,Hülsemann,2019,"Quantification of Phase-Amplitude Coupling in Neuronal Oscillations: Comparison of Phase-Locking Value, Mean Vector Length, Modulation Index, and Generalized-Linear-Modeling-Cross-Frequency-Coupling",Frontiers in Neuroscience,10.3389/fnins.2019.00573,31275096.0,yes,"Simulation comparison of PLV, MVL, MI, GLM-CFC with moderators (data length, SNR, sampling rate)",Simulated EEG-like data,"All indices depend on data length, SNR and sampling rate near Nyquist; MI is the most robust for short, noisy epochs",Simulation only; no driven oscillations,,"In the project, 2 s windows give only 8-16 theta cycles and fs = 250 Hz, so MI bias and variance are large; surrogate normalization per window is needed",,measurement_methods
PAC09,pac_pitfall,van Driel,2015,Phase-clustering bias in phase–amplitude cross-frequency coupling and its removal,Journal of Neuroscience Methods,10.1016/j.jneumeth.2015.07.014,26231622.0,yes,Debiased PAC (dPAC): subtracts phase-clustering bias from mean-vector-length PAC,"Simulations + macaque intracranial sleep, rat LFP",A non-uniform phase distribution inflates or deflates PAC and can make it negative; dPAC corrects this,Corrects MVL-type measures; MI needs surrogates instead,,"Rhythmic stimulation locks phase to the stimulus (phase clustering), so this bias is expected to be larger during 40 Hz blocks than at rest",,measurement_methods
PAC10,pac_pitfall,Fatemi,2021,Theta‐gamma phase‐amplitude coupling explains the advantage of auditory plus visual gamma entrainment in Alzheimer’s therapy,Alzheimer's & Dementia,10.1002/alz.053451,,yes,"Theta-gamma PAC during 40 Hz auditory, visual, and audio-visual stimulation (5 s on/5 s off, 60 trials)","Human EEG, n=10 cognitively healthy (per abstract)",Reported markedly higher theta-gamma PAC for combined audio+visual 40 Hz than for either alone,Conference abstract (Alzheimer's & Dementia 17 S7); small n; healthy; no waveform/evoked-response controls reported,,Closest prior use of theta-gamma PAC as a 40 Hz entrainment marker (same Sharif group as ds005048); its validity is unchecked against PAC02-PAC09,Crossref-verified abstract DOI; no PMID (meeting abstract); conference abstract; not in PubMed,measurement_methods
PAC11,pac_pitfall,de la Salle,2024,Transcranial Alternating Current Stimulation Alters Auditory Steady-State Oscillatory Rhythms and Their Cross-Frequency Couplings,Clinical EEG and Neuroscience,10.1177/15500594231179679,37306065.0,yes,"Theta vs gamma vs sham tACS over temporal lobes during 40 Hz ASSR; ASSR power, phase locking and theta-gamma PAC","Human EEG, n=23 healthy",Gamma tACS did not change the 40 Hz ASSR; theta tACS lowered 40 Hz power/phase locking and RAISED theta-gamma PAC,Healthy young adults; tACS artifacts; single session,,"Shows theta-gamma PAC during an ASSR can rise while the 40 Hz response itself weakens, so PAC and entrainment strength can move in opposite directions",,measurement_methods
EVE01,entrainment_vs_evoked,Capilla,2011,Steady-State Visual Evoked Potentials Can Be Explained by Temporal Superposition of Transient Event-Related Responses,PLoS ONE,10.1371/journal.pone.0014543,21267081.0,yes,Synthesized SSVEPs by shifting and linearly adding rate-specific transient ERPs; compared with recorded SSVEPs,"Human EEG, checkerboard reversal at several rates",Synthetic SSRs closely matched recorded ones; no evidence of entrainment at the stimulation frequency,"Visual, low rates, young adults; linear model fitted from ERPs recorded at each rate",,A superposition null model any 40 Hz entrainment claim must beat; never applied to 40 Hz auditory stimulation in dementia,,measurement_methods
EVE02,entrainment_vs_evoked,Notbohm,2016,Modification of Brain Oscillations via Rhythmic Light Stimulation Provides Evidence for Entrainment but Not for Superposition of Event-Related Responses,Frontiers in Human Neuroscience,10.3389/fnhum.2016.00010,26869898.0,yes,Rhythmic vs jittered (arrhythmic) flicker across frequencies and intensities; phase coupling mapped against the Arnold tongue,"Human EEG, visual flicker around individual alpha frequency","Phase coupling grew with intensity and near the intrinsic frequency, matching an Arnold tongue; only inside the tongue did rhythmic differ from jittered stimulation; non-linear features",Alpha/visual only; young adults,,"Template for an Arnold-tongue test at gamma: vary 40 Hz rate and loudness, include a jittered control; not yet done for auditory 40 Hz in older adults",,measurement_methods
EVE04,entrainment_vs_evoked,Duecker,2021,No Evidence for Entrainment: Endogenous Gamma Oscillations and Rhythmic Flicker Responses Coexist in Visual Cortex,The Journal of Neuroscience,10.1523/JNEUROSCI.3134-20.2021,34230106.0,yes,MEG: rapid sinusoidal flicker up to 80 Hz combined with gratings that induce endogenous gamma; tests of phase/frequency entrainment,"Human MEG, healthy adults",No phase or frequency entrainment of endogenous gamma by flicker; the flicker response did not peak at the individual gamma frequency and fell with frequency; separate generators,Visual; young adults; frequencies >50 Hz were the main focus,,"Strongest human evidence that a gamma-rate driven response can coexist with, and be separate from, endogenous gamma; an auditory 40 Hz equivalent in older adults is missing",,measurement_methods
EVE05,entrainment_vs_evoked,Herrmann,2001,Human EEG responses to 1-100 Hz flicker: resonance phenomena in visual cortex and their potential correlation to cognitive phenomena,Experimental Brain Research,10.1007/s002210100682,11355381.0,yes,EEG flicker sweep 1-100 Hz in 1 Hz steps,"Human EEG, n=10","Steady-state responses at all rates up to at least 90 Hz, with resonance peaks near 10, 20, 40 and 80 Hz",Visual; young adults; resonance is not proof of entrainment,,Frequency-sweep 'resonance' design; its auditory analog is the chirp ASSR (EVE10),,measurement_methods
EVE06,entrainment_vs_evoked,Bohórquez,2008,Generation of the 40-Hz auditory steady-state response (ASSR) explained using convolution,Clinical Neurophysiology,10.1016/j.clinph.2008.08.002,18818122.0,yes,Deconvolution (CLAD) of ABR/MLR from jittered ~40 Hz clicks; ASSR synthesized by superposition,"Human EEG, normal-hearing awake adults",40 Hz ASSR explained by superposition of ABR wave V (~10%) and MLR Na-Pa and Nb-Pb (~45% each); the 40 Hz amplitude peak comes from Pb overlapping Pa,Young normal-hearing adults; click stimuli; linear model,,"Auditory superposition account: the 40 Hz 'resonance' can arise from overlapping middle-latency responses; untested in older adults, whose MLR latencies/amplitudes change",,measurement_methods
EVE07,entrainment_vs_evoked,Presacco,2010,"Auditory steady-state responses to 40-Hz click trains: Relationship to middle latency, gamma band and beta band responses studied with deconvolution",Clinical Neurophysiology,10.1016/j.clinph.2010.03.020,20413346.0,yes,"Deconvolved ABR/MLR and last-click responses used to predict 40 Hz click ASSRs, gamma-band and beta-band responses","Human EEG, adults, monaural clicks",Superposition predicted the steady-state part of the ASSR but NOT its onset; click-rate adaptation matters,Young adults; clicks only,,"Suggests the onset/build-up period is where non-superposition dynamics could be tested, e.g., build-up time constants in dementia vs controls",,measurement_methods
EVE08,entrainment_vs_evoked,Tan,2017,Improved Transient Response Estimations in Predicting 40 Hz Auditory Steady-State Response Using Deconvolution Methods,Frontiers in Neuroscience,10.3389/fnins.2017.00697,29311778.0,yes,"Compared 40 Hz ASSR with ASSRs synthesized from 3 transient-AEP templates (5 Hz AEP, CLAD, MSAD deconvolution)","Human EEG, adults","The MSAD-derived template reproduced the 40 Hz ASSR with no significant difference in individuals, supporting linear superposition when the template is accurate",Young adults; template choice drives the conclusion,,"With EVE06/EVE07 and MEA08, the auditory 40 Hz evidence is split: steady part fits superposition, reset/onset show nonlinearity; none in older adults",,measurement_methods
EVE10,entrainment_vs_evoked,Artieda,2004,Potentials evoked by chirp-modulated tones: a new technique to evaluate oscillatory activity in the auditory pathway,Clinical Neurophysiology,10.1016/j.clinph.2003.10.021,15036066.0,yes,Chirp-modulated tones (AM rate sweeping) to map the response across modulation frequencies in one run,"Human EEG, healthy adults","Diagonal time-frequency band following the chirp; largest energy around 40-45 Hz (30-60 Hz), mainly from phase locking",Healthy adults; resonance-like profile does not separate entrainment from superposition,,"A fast per-person 'tuning curve' (resonance/Arnold-tongue proxy) that could be run in older adults/dementia; used in schizophrenia (Griskova-Bulanova 2020, 10.3390/brainsci11010022)",,measurement_methods
EVE11,entrainment_vs_evoked,L’Hermite,2023,Rhythmic Entrainment Echoes in Auditory Perception,The Journal of Neuroscience,10.1523/jneurosci.0051-23.2023,37604689.0,yes,Behavioral 'entrainment echo' paradigm: target detection at varying delays after a rhythmic AM tone,"Human behavior, n=154 over 4 experiments",Strongest echoes after 6-8 Hz; best phases depended on the tonotopic match; echoes were not always consistent across experiments,Behavioral; low rates; not 40 Hz; no EEG,,Post-offset persistence is a key entrainment criterion; no 40 Hz auditory echo test in older adults found,,measurement_methods
IND01,individual_differences,McFadden,2014,Test-Retest Reliability of the 40 Hz EEG Auditory Steady-State Response,PLoS ONE,10.1371/journal.pone.0085748,24465679.0,yes,Test-retest (~1 week) of the 40 Hz EEG ASSR; channel-level and dipole signal-space analysis; AM noise vs clicks,"Human EEG, n=19 healthy adults",ASSR correlated significantly between sessions; ITPC more reliable than evoked power; clicks more consistent than AM noise,Young healthy adults; correlations not ICCs; 1-week interval,,Reliability reference for 40 Hz metrics; older/dementia reliability is almost unstudied (only IND05),,measurement_methods
IND02,individual_differences,Legget,2017,MEG and EEG demonstrate similar test-retest reliability of the 40 Hz auditory steady-state response,International Journal of Psychophysiology,10.1016/j.ijpsycho.2017.01.013,28161286.0,yes,Test-retest (~1 week) of 40 Hz ASSR with MEG and EEG in the same people (source space),"Human MEG+EEG, n=17 healthy adults",MEG ASSR significantly correlated between sessions; reliability similar for MEG and EEG; ITPC > evoked power; clicks > white noise,Small n; young adults,,Suggests ITPC-type metrics are the most stable choice for per-person 40 Hz response indices,,measurement_methods
IND03,individual_differences,Roach,2019,Test-retest reliability of time-frequency measures of auditory steady-state responses in patients with schizophrenia and healthy controls,NeuroImage: Clinical,10.1016/j.nicl.2019.101878,31228795.0,yes,"Generalizability (G) coefficients for evoked power, total power, phase-locking factor and phase-locking angle at 20/30/40 Hz",Human EEG: 9 SZ + 9 HC (2 sessions) and 30 HC (2-3 sessions),G-coefficients good to excellent (>0.6) for most 40 Hz measures in both groups; 20 Hz less reliable,Small patient group; no older adults or dementia,,"Uses generalizability theory, which (like the hierarchical approach in NBM03) could be applied to 40 Hz responses in dementia datasets",,measurement_methods
IND04,individual_differences,Tan,2015,MEG—measured auditory steady-state oscillations show high test–retest reliability: A sensor and source-space analysis,NeuroImage,10.1016/j.neuroimage.2015.07.055,26216274.0,yes,"ICC of MEG ASSR (5 and 40 Hz AM tones) over 2 sessions, sensor + eLORETA source","Human MEG, n=13","ITPC ICCs ~0.86-0.96, higher than spectral power change ICCs (~0.61-0.82)",n=13; young adults; task-embedded,,Upper-bound reliability for 40 Hz ITPC under good conditions; compare with 19-channel clinical EEG at 250 Hz as in ds005048,,measurement_methods
IND06,individual_differences,Burca,2025,Frequency optimisation for entrainment of gamma waves via sound stimulation in older adults,Research Square (preprint),10.21203/rs.3.rs-7064869/v1,,yes,Auditory stimulation 37-45 Hz in 1 Hz steps; per-person optimal frequency,"Human EEG, n=15 healthy adults aged 60-75","No group effect of stimulation frequency, but each person's optimal frequency gave stronger entrainment than 40 Hz; also stronger connectivity","PREPRINT (Research Square), not peer-reviewed; small n; 'optimum' chosen and tested on the same data (circular unless cross-validated)",,Directly relevant: frequency tuning in older adults for AUDITORY gamma; whether the individual optimum is stable across sessions is untested,Crossref DOI verified (preprint); no PMID; preprint; not in PubMed,measurement_methods
IND07,individual_differences,Yoon,2025,Center frequency as optimal frequency of visual stimulation for spreading entrained gamma rhythms to other target brain regions in cognitively normal older adults,GeroScience,10.1007/s11357-025-01552-6,39966249.0,yes,Visual flicker at 32/34/36/38/40 Hz; individual center frequency (CF) from ERSP; gamma connectivity spread/strength/stability,"Human EEG, n=32 cognitively normal older adults","CF was 32 Hz (40.6%) or 34 Hz (28.1%) in about two-thirds; stimulating at CF gave broader, stronger, more stable connectivity",Visual; CF picked from the same session; no test-retest of CF,,Individual 'tuning' in older adults is below 40 Hz for VISUAL; the auditory analog and CF stability are open,"Earlier study from same group: Park 2022, 10.1038/s41598-022-19464-2, PMID 36114215 (verified)",measurement_methods
IND08,individual_differences,Jeon,2026,Personalized audiovisual gamma stimulation enhances neural connectivity and entrainment beyond fixed 40 Hz protocols,Frontiers in Neuroscience,10.3389/fnins.2026.1787255,42027686.0,yes,"Compared 'conversation gamma frequency' (CGF), individual gamma frequency (IGF) and fixed 40 Hz stimulation; EEG connectivity and theta-gamma coupling",Human EEG (n not in abstract),CGF gave stronger activation/connectivity and more theta-gamma phase synchronization than 40 Hz; entrainment fell as CGF moved away from 40 Hz,Authors call it hypothesis-generating; PAC not checked for artifacts; sample unclear,,"Uses theta-gamma coupling as an entrainment readout, the practice gap 1 questions",,measurement_methods
AGE01,aging,Griskova-Bulanova,2013,Does brain ability to synchronize with 40 Hz auditory stimulation change with age?,Acta Neurobiologiae Experimentalis,10.55782/ane-2013-1960,24457646.0,yes,"Click-train 40 Hz ASSR; phase-locking index, evoked amplitude, total intensity; curve fitting against age","Human EEG, n=46 healthy males aged 20-58",Phase-locking index and evoked amplitude fell linearly with age; total intensity did not,Males only; no one over 58; cross-sectional,,"Suggests phase-locked (evoked) and total power age differently, so the metric choice changes age conclusions",,measurement_methods
AGE02,aging,Goossens,2016,Aging Affects Neural Synchronization to Speech-Related Acoustic Modulations,Frontiers in Aging Neuroscience,10.3389/fnagi.2016.00133,27378906.0,yes,"4, 20, 40, 80 Hz ASSRs in young, middle-aged and older adults with normal audiograms, screened for MCI","Human EEG, 3 age groups","Older adults: more theta-rate (4 Hz) synchronization, less 80 Hz, and loss of right-hemisphere dominance",Normal-hearing sample only; cross-sectional,,"Age changes the ASSR tuning profile, so older adults need age-appropriate reference values for 40 Hz responses",,measurement_methods
AGE03,aging,Ross,2016,40‐Hz oscillations underlying perceptual binding in young and older adults,Psychophysiology,10.1111/psyp.12654,27080577.0,yes,"MEG 40 Hz AM responses in quiet vs contralateral multitalker noise, young vs older adults","Human MEG, young and older adults","Two components: a sensory component similar across ages, and a later component (200 ms amplitude/phase rebound) smaller in older adults and linked to speech-in-noise",MEG; small groups,,The 40 Hz response in older adults is not one quantity; the 'higher-order' part shrinks with age,,measurement_methods
SCZ01,schizophrenia_ASSR,Kwon,1999,Gamma Frequency–Range Abnormalities to Auditory Stimulation in Schizophrenia,Archives of General Psychiatry,10.1001/archpsyc.56.11.1001,10565499.0,yes,EEG ASSR to 20/30/40 Hz click trains in schizophrenia vs controls,"Human EEG, schizophrenia vs controls (small groups, n~15 each)","Reduced 40 Hz power (not lower rates), delayed phase synchronization onset and delayed desynchronization in schizophrenia",Small n; medicated patients,,Start of the clinical ASSR field; its 'build-up/decay timing' metrics are rarely used in dementia 40 Hz studies,,measurement_methods
SCZ02,schizophrenia_ASSR,Thuné,2016,The 40-Hz Auditory Steady-State Response in Patients With Schizophrenia,JAMA Psychiatry,10.1001/jamapsychiatry.2016.2619,27732692.0,yes,Meta-analysis of 40 Hz ASSR in schizophrenia (1999-2016),"20 studies; 606 patients, 590 controls",17/20 reported reductions; Hedges g -0.58 (power) and -0.46 (phase locking); stimulus/analysis choices did not moderate,Publication bias possible; medication confounds,,"Benchmark effect size: case-control 40 Hz differences are moderate, so a single-dataset dementia study (n~35) is underpowered for group or individual inferences",,measurement_methods
SCZ03,schizophrenia_ASSR,Kinjo,2026,"A systematic review and meta-analysis of the auditory steady-state response in schizophrenia, bipolar disorder, and autism spectrum disorder",Molecular Psychiatry,10.1038/s41380-026-03452-3,41634135.0,yes,"Meta-analysis of 20/40/80 Hz ASSR in SZ, bipolar disorder, autism, relatives, clinical high risk","52 studies; 2116 SZ, 294 BD, 117 ASD, 2758 controls",40 Hz power and ITPC reduced in SZ and BD; power reduced in ASD; reductions in first-degree relatives but not clinical-high-risk,Mostly cross-sectional; heterogeneous methods,,"Shows 40 Hz ASSR is not specific to one disorder, a caution for reading 40 Hz response changes in dementia as disease-specific",,measurement_methods
SCZ04,schizophrenia_ASSR,Toso,2024,40 Hz Steady-State Response in Human Auditory Cortex Is Shaped by Gabaergic Neuronal Inhibition,The Journal of Neuroscience,10.1523/JNEUROSCI.2029-23.2024,38670804.0,yes,Placebo-controlled MEG pharmacology: lorazepam (GABA-A agonist) vs memantine (NMDA antagonist) vs placebo during 40 Hz ASSR,"Human MEG, n=20 healthy adults (13 M, 7 F)",Lorazepam increased 40 Hz ASSR amplitude in auditory cortex; no detectable memantine effect,Healthy young adults; low doses; single dose,,"Memantine is a common AD drug; this null suggests (not proves) memantine use is not a major 40 Hz ASSR confound, while benzodiazepines are; medication must be recorded",Framed as a schizophrenia-biomarker mechanism study,measurement_methods
MOD01,model,Sohal,2009,Parvalbumin neurons and gamma rhythms enhance cortical circuit performance,Nature,10.1038/nature07991,19396159.0,yes,Optogenetic drive of PV interneurons in mouse cortex; gamma induction and information transmission,"Mouse, in vivo/in vitro, optogenetics","PV interneuron activity is sufficient to create gamma, and gamma improves signal transmission in cortical circuits","Mouse; optogenetic, not sensory, drive",,"Mechanism behind reading 40 Hz ASSR as a PV/E-I readout; see Cardin 2009 (10.1038/nature08002, PMID 19396156, verified) for the companion paper showing that driving fast-spiking cells creates gamma",,measurement_methods
MOD02,model,Vierling-Claassen,2008,Modeling GABA Alterations in Schizophrenia: A Link Between Impaired Inhibition and Altered Gamma and Beta Range Auditory Entrainment,Journal of Neurophysiology,10.1152/jn.00870.2007,18287555.0,yes,"Biophysical network model (E cells, fast/slow inhibition) of ASSR; prolonged GABA-A decay",Model fit to MEG ASSR from 12 SZ + 12 controls,Longer inhibitory decay reproduced reduced 40 Hz and enhanced ~20 Hz responses to 40 Hz drive in schizophrenia,Tuned to schizophrenia; one cortical column; no aging/AD parameters,,Makes a frequency-specific prediction (40 Hz loss with 20 Hz gain under 40 Hz drive) that could be checked in dementia EEG as a spectral signature,PING/ING network family (Kopell lab),measurement_methods
MOD03,model,Metzner,2019,The Role of Parvalbumin-positive Interneurons in Auditory Steady-State Response Deficits in Schizophrenia,Scientific Reports,10.1038/s41598-019-53682-5,31811155.0,yes,Extension of MOD02 separating basket-cell vs chandelier-cell PV synapse changes,Computational model,Slowed basket-cell (not chandelier-cell) synapses best explain ASSR deficits,Model-only; schizophrenia-focused,,"Open, reusable ASSR model code base that could be refit to older-adult/dementia 40 Hz data",,measurement_methods
MOD04,model,Metzner,2021,The beta component of gamma-band auditory steady-state responses in patients with schizophrenia,Scientific Reports,10.1038/s41598-021-99793-w,34650135.0,yes,"ASSR network model sweeping input strength under SZ-like changes (less GABA, longer GABA decay, NMDA hypofunction)",Computational model,"Beta (20 Hz) power during 40 Hz drive appears only with longer GABA decay AND only in a limited range of input strength, through 'beat-skipping' (response to every other cycle)",Model-only; untested dependence on loudness in humans,,"FALSIFIABLE and testable: predicts a 20 Hz subharmonic during 40 Hz sound that depends on stimulus intensity; the dementia 40 Hz datasets could check for a 20 Hz subharmonic, though a loudness sweep is needed for a full test",,measurement_methods
MOD05,model,Herrmann,2016,Shaping Intrinsic Neural Oscillations with Periodic Stimulation,The Journal of Neuroscience,10.1523/JNEUROSCI.0236-16.2016,27170129.0,yes,"Network model of how periodic stimulation shapes intrinsic oscillations (entrainment, Arnold tongue, stochastic effects)",Computational (neural field/network) model,Periodic stimulation entrains intrinsic oscillations within frequency-amplitude Arnold tongues; outcomes depend on the stimulation-to-intrinsic frequency mismatch and strength,Theory; aimed at tACS/TMS; not fit to sensory data,,Gives the Arnold-tongue predictions (response width growing with intensity around the natural frequency) that separate entrainment from superposition,,measurement_methods
MOD06,model,Moran,2013,Neural masses and fields in dynamic causal modeling,Frontiers in Computational Neuroscience,10.3389/fncom.2013.00057,23755005.0,yes,Review of neural mass/field and conductance models used in dynamic causal modeling (DCM) of EEG/MEG/LFP,Methods review,Describes canonical-microcircuit and other population models that link spectra/ERPs to synaptic parameters,Models are complex; identifiability depends on data features,,A DCM framework that could fit 40 Hz responses in older adults and dementia; no such application found,,measurement_methods
MOD07,model,Adams,2022,Computational Modeling of Electroencephalography and Functional Magnetic Resonance Imaging Paradigms Indicates a Consistent Loss of Pyramidal Cell Synaptic Gain in Schizophrenia,Biological Psychiatry,10.1016/j.biopsych.2021.07.024,34598786.0,yes,"DCM (canonical microcircuit) fitted to resting EEG, MMN, 40 Hz ASSR, and resting fMRI","Human: 108 SZ, 57 relatives, 107 controls",All paradigms were best explained by more pyramidal-cell self-inhibition (less synaptic gain); auditory disinhibition predicted perceptual abnormality,Schizophrenia; model-comparison dependent,,The only large-sample DCM of 40 Hz ASSR found; the same pipeline could be applied to dementia 40 Hz EEG to test E/I changes,,measurement_methods
MOD08,model,Shaw,2017,Neurophysiologically-informed markers of individual variability and pharmacological manipulation of human cortical gamma,NeuroImage,10.1016/j.neuroimage.2017.08.034,28807873.0,yes,DCM of induced visual gamma across a large cohort; individual differences; tiagabine pharmacology validation,"Human MEG, healthy cohort",Individual gamma differences were driven by superficial pyramidal-interneuron connections; more self-inhibition lowered gamma amplitude and raised peak frequency,"Visual induced gamma, not ASSR",,Shows DCM can explain individual gamma differences and be checked with a drug; a model of this type for 40 Hz auditory individual differences in older adults is missing,,measurement_methods
MOD09,model,Breakspear,2010,Generative Models of Cortical Oscillations: Neurobiological Implications of the Kuramoto Model,Frontiers in Human Neuroscience,10.3389/fnhum.2010.00190,21151358.0,yes,Review/tutorial on the Kuramoto coupled-phase-oscillator model and its neurobiological extensions,Theory,"Explains synchronization transitions, frequency locking and extensions (delays, networks) relevant to cortical rhythms",Abstract phase model; hard to map to EEG amplitude,,A driven Kuramoto oscillator gives the simplest fittable entrainment model (locking range vs drive strength) for 40 Hz data,,measurement_methods
NBM01,nearby_method,Marquand,2016,Understanding Heterogeneity in Clinical Cohorts Using Normative Models: Beyond Case-Control Studies,Biological Psychiatry,10.1016/j.biopsych.2015.12.023,26927419.0,yes,Normative modeling: Gaussian-process regression of brain measures on age/covariates; per-person deviation scores,Methods + clinical neuroimaging examples,Case-control averages hide heterogeneity; per-person deviations from a normative model capture it,Needs large reference samples; mostly MRI so far,,No normative model of 40 Hz ASSR/entrainment vs age exists (see AGE05); needed to judge whether a dementia patient's 40 Hz response is atypical,"Companion: Marquand 2019, 10.1038/s41380-019-0441-1, PMID 31201374 (verified)",measurement_methods
NBM02,nearby_method,Li,2022,Harmonized-Multinational qEEG norms (HarMNqEEG),NeuroImage,10.1016/j.neuroimage.2022.119190,35398285.0,yes,Harmonized multinational qEEG norms: Riemannian cross-spectral norms with site harmonization,"Resting EEG, 9 countries, 12 devices (n in the thousands)","Lifespan norms for EEG cross-spectra, with site effects modeled",Resting EEG only; no evoked or steady-state measures,,Shows EEG normative modeling across sites is feasible; not yet extended to steady-state/40 Hz responses,,measurement_methods
NBM03,nearby_method,Chen,2021,Trial and error: A hierarchical modeling approach to test-retest reliability,NeuroImage,10.1016/j.neuroimage.2021.118647,34688897.0,yes,Hierarchical (trial-level) Bayesian model that estimates test-retest reliability separately from trial noise,fMRI/behavior methods,Conventional ICCs on trial-averaged data underestimate reliability; hierarchical models recover it,"Demonstrated for fMRI/behavior, not EEG steady-state data",,"Could estimate the reliability of per-window 40 Hz SNR/ITPC in datasets with few blocks per person (e.g., ds005048)",,measurement_methods
NBM04,nearby_method,Hedge,2018,The reliability paradox: Why robust cognitive tasks do not produce reliable individual differences,Behavior Research Methods,10.3758/s13428-017-0935-1,28726177.0,yes,Analysis of why robust group-level tasks give unreliable individual differences (reliability paradox),"Behavioral tasks, several datasets","Low between-person variance, the thing that makes a task effect robust, lowers reliability of individual differences",Behavioral; does not cover EEG,,A strong group 40 Hz response does not imply a stable per-person 40 Hz response; individual reliability has to be measured,,measurement_methods
NBM05,nearby_method,Lorenz,2019,Efficiently searching through large tACS parameter spaces using closed-loop Bayesian optimization,Brain Stimulation,10.1016/j.brs.2019.07.003,31289013.0,yes,Closed-loop Bayesian optimization (Gaussian process) of tACS frequency/phase using participant judgements,"Human tACS, phosphene ratings",Found per-person stimulation parameters in about 5 minutes within a large parameter space,Behavioral objective (phosphenes); not EEG entrainment,,"Could tune per-person auditory gamma frequency/intensity with an EEG objective (e.g., 40 Hz SNR), with safeguards against circular selection","Conceptual framework: Lorenz 2017 'Neuroadaptive Bayesian optimization', 10.1016/j.tics.2017.01.006, PMID 28236531 (verified)",measurement_methods
NBM06,nearby_method,Ngo,2013,Auditory Closed-Loop Stimulation of the Sleep Slow Oscillation Enhances Memory,Neuron,10.1016/j.neuron.2013.03.006,23583623.0,yes,Closed-loop auditory stimulation timed to slow-oscillation up-states during sleep,"Human EEG sleep, young adults","In-phase clicks enhanced slow oscillations, spindles and declarative memory; out-of-phase clicks did not",Sleep slow oscillations; young adults,,Proves phase-dependent closed-loop AUDITORY stimulation works; 40 Hz stimulation has not been gated by ongoing theta/alpha phase or state,,measurement_methods
NBM07,nearby_method,Santostasi,2016,Phase-locked loop for precisely timed acoustic stimulation during sleep,Journal of Neuroscience Methods,10.1016/j.jneumeth.2015.11.007,26617321.0,yes,Phase-locked loop (PLL) that tracks EEG and times acoustic stimuli during slow-wave sleep,Human sleep EEG,"A simple, predictive PLL delivered sound at a chosen slow-wave phase and boosted slow-wave activity",Sleep only,,Engineering template for real-time phase tracking in a closed-loop 40 Hz scheduler,,measurement_methods
NBM09,nearby_method,Wodeyar,2021,A state space modeling approach to real-time phase estimation,eLife,10.7554/eLife.68803,34569936.0,yes,State-space oscillator model with Kalman filtering for real-time phase estimation (with credible intervals),Simulations + human EEG/LFP,"Beats band-pass/Hilbert phase estimation for broadband, non-stationary rhythms and gives phase uncertainty",Tested on low-frequency rhythms; compute cost for multi-oscillator fits,,"Enables uncertainty-aware theta/alpha phase gating of 40 Hz stimulation; related model: Matsuda & Komaki 2017, 10.1162/NECO_a_00916, PMID 27870609 (verified)",,measurement_methods
NBM10,nearby_method,Jaramillo-Jimenez,2024,ComBat models for harmonization of resting-state EEG features in multisite studies,Clinical Neurophysiology,10.1016/j.clinph.2024.09.019,39369552.0,yes,"Four ComBat variants (neuroCombat, neuroHarmonize, OPNested-GMM, HarmonizR) for resting EEG features","Resting EEG, n=374 from 5 datasets, young and old adults",All reduced batch effects; HarmonizR and OPNested-GMM best; age relations kept and effect sizes larger after harmonization,Resting spectral features only; sensor space,,"Needed to pool 40 Hz response features across datasets (different amplifiers, montages, fs); not yet done for steady-state data","Original ComBat: Johnson 2007, 10.1093/biostatistics/kxj037, PMID 16632515 (verified)",measurement_methods
NBM11,nearby_method,Zanini,2018,Transfer Learning: A Riemannian Geometry Framework With Applications to Brain–Computer Interfaces,IEEE Transactions on Biomedical Engineering,10.1109/TBME.2017.2742541,28841546.0,yes,Riemannian-geometry transfer learning (re-centering covariance matrices) across sessions/subjects,EEG BCI datasets,Re-centering covariances allows cross-session/cross-subject transfer with little calibration,"Built for BCI classification, not biomarkers",,A domain-adaptation route for moving 40 Hz response models between datasets or devices,,measurement_methods
NBM12,nearby_method,Trübutschek,2024,"EEGManyPipelines: A Large-scale, Grassroots Multi-analyst Study of Electroencephalography Analysis Practices in the Wild",Journal of Cognitive Neuroscience,10.1162/jocn_a_02087,38010291.0,yes,Multi-analyst study: 168 teams analyzed the same EEG dataset for the same hypotheses,EEG; 396 researchers from 37 countries,Documents large differences in analysis pipelines and results (project overview paper),Overview; hypotheses not about steady-state responses,,"Supports pre-registered, multiverse checks of 40 Hz entrainment metrics (reference, filters, window, metric) in a small single dataset",,measurement_methods
DAT02,dataset,Lahijanian,2025,40Hz Auditory Entrainment,OpenNeuro (dataset ds005048 v1.0.1),10.18112/openneuro.ds005048.v1.0.1,,partial,"OpenNeuro BIDS EEG dataset: 40 Hz auditory entrainment (5 kHz carrier, 40 Hz rectangular AM), stimulation vs rest blocks","35 older adults (local participants.tsv: 10 normal, 6 MCI, 16 mild AD, 1 moderate AD, 2 unlabelled; age 54-89), 19-ch EEG, fs 250 Hz","Open data for 40 Hz AUDITORY stimulation in dementia, with MMSE",One session per participant; no alternative frequency or jittered control; 250 Hz fs limits harmonic analysis,,Main data source; supports within-session split-half reliability but not test-retest,DataCite DOI verified (not Crossref-registered); license CC0,measurement_methods
DAT03,dataset,Hwang,2020,High-density EEG of auditory steady-state responses during stimulation of basal forebrain parvalbumin neurons,Scientific Data,10.1038/s41597-020-00621-z,32901008.0,yes,"Data descriptor: high-density (36-ch) mouse EEG ASSRs to 10/20/30/40/50 Hz clicks, with/without optogenetic basal-forebrain PV stimulation",Mouse EEG,Raw epochs + Python tutorials; includes a coupled-oscillator perturbation simulation,Mouse; anesthesia/implant differences from humans,,Open multi-rate ASSR data for testing resonance/Arnold-tongue analyses and oscillator vs superposition models across species,Zenodo 10.5281/zenodo.3949519 (DataCite verified),measurement_methods
