sid,noise
sub-01,-2.7415550637260147
sub-02,-3.1402005943127387
sub-03,-2.0215503717537397
sub-04,-0.4347186977137402
sub-05,-1.8736371714983604
sub-06,-1.1904436300612846
sub-07,-2.209465096950902
sub-08,-1.6783619280893827
sub-09,-1.0796859648981711
sub-10,-0.7678958711787274
sub-11,-1.8925478466330936
sub-12,-2.1429536112027434
sub-13,-2.2057091729458618
sub-14,-1.6341402997892018
sub-15,-1.849741320876894
sub-16,-1.7502712306466266
sub-17,-2.2286069021865296
sub-18,-1.5261500566782378
sub-19,-1.7208365780798338
sub-20,-1.9046896862134184
sub-21,-2.0888230837814885
sub-22,-2.235112347731612
sub-23,-1.73989371076445
sub-24,-2.06908790106267
sub-25,-1.005790630636156
sub-26,-2.195373089087336
sub-27,-1.7248421356359795
sub-28,-1.6483051995838318
sub-29,-1.4630184483167872
sub-30,-2.087389084920045
sub-31,-2.34023511209636
sub-32,-2.4939929966448107
sub-33,-2.2650715731188824
sub-34,-1.9912215626290166
sub-35,-2.2461755343198
