sid,gamma_noise_silence
HG201,-1.6371282324973195
HG204,-1.965247190463291
HG205,-1.1613374973531934
HG206,-1.4382414910414396
HG207,-1.5715596108083043
HG208,-1.4718387086241418
HG209,-1.4339637560183047
HG210,-0.7699083423355473
HG211,-1.8690941549321431
HG212,-0.5631776062688846
HG213,-1.3473884291005633
HG214,-1.1761393143663863
HG217,-1.1126441971000052
HG218,-1.0363640095220634
HG219,-1.742951539621297
HG221,-1.505851778189541
E01,-1.6433849881998215
E02,-1.5006405212968872
E03,-2.025426429741199
E04,-1.3686875866605284
E05,-1.9727829457500208
E06,-0.9196333224555188
E07,-1.963528631776074
E09,-1.8506836423160324
E10,-1.8453296908042438
E12,-1.4942653456846173
E33,-1.894692978825032
Y01,-1.5314624079087455
Y02,-2.309511250311972
Y03,-2.0543550014962677
Y04,-1.7900040880148256
Y05,-1.4785357013110332
Y06,-1.3102919291932031
Y07,-2.1104128017414165
Y08,-1.8990622643488944
Y09,-1.7006735762109484
Y10,-1.499802824589052
Y12,-1.9608599635173445
Y13,-2.348605359240562
Y14,-1.5453309066436005
