sid,Fp1,AF3,F7,F3,FC1,FC5,T7,C3,CP1,CP5,P7,P3,Pz,PO3,O1,Oz,O2,PO4,P4,P8,CP6,CP2,C4,T8,FC6,FC2,F4,F8,AF4,Fp2,Fz,Cz
HG201,0.3009223396354408,0.29757710728934494,0.21504631253280973,0.27225082673917517,-0.11390952724378531,0.1481678054608562,-0.08323239007203087,0.16504744198432997,0.45842594520215874,0.11229200319675822,0.10226575290454334,0.2618004262447033,0.47974393096255163,0.09789391155074412,0.008352386939226644,-0.05902937013427838,-0.052234204013164844,0.25319071070007404,0.30965162510213684,0.07783743003673413,0.06417190532847275,0.41420922385681447,0.25026006302051906,0.06515242443332345,-0.05265088037949607,0.15284707894662705,0.02327681729471892,0.16720901586975534,0.2324638032380606,0.2575642841004546,0.04729235943642021,0.3393824809434568
HG204,0.09530849695579575,0.1518395655468418,0.08366269855502681,0.3939631753084609,0.4905551597406279,0.2702781083324318,0.495294733788834,0.6294098895603711,0.2694727446118682,0.21800179086620702,0.38205283678256297,0.042314401648250594,0.05314346000781944,0.09917451742504385,0.3190540548714098,0.32377019222047626,0.3072501948838441,0.09887520687259771,0.09451979454466769,0.2621143578550966,0.46337230462563817,0.2695255075172364,0.2433032060481358,0.7209239005437338,0.26235727654356705,0.4556280702740682,0.3445170086134392,0.24853962286927278,0.30982679383667167,0.12810148073423872,0.4125687047337898,0.4259397813090796
HG205,0.13095325926744203,0.08137556296196875,0.020221512291764443,-0.09630043530988196,0.1499611716333283,0.009691776243804767,0.07075146865833368,0.09616303765425838,0.272140328513782,0.04958138426240492,0.014923914132144472,-0.009433961127142149,0.12652332934805186,-0.11203008375111106,-0.029590948666877573,-0.0088128326793631,-0.01717964561039259,-0.07073718654989866,-0.07081655865438648,0.020985180837343298,0.10645563324942747,0.2454888031782326,0.146934420304227,0.14778216883009054,-0.10285006614451836,0.17702985381112302,0.025572925200153057,0.003561984304481264,0.02722064249236443,-0.06478185566724326,0.12823034242451775,0.2751975401923078
HG206,0.03576121829542667,-0.04347343371522282,0.020567271262054612,0.1278789029808392,0.13761771614325702,-0.013753209327324559,0.038253937781178776,0.04949607343171725,-0.06219980505860731,-0.02531134820668987,-0.011206857705090265,-0.008095324668511428,-0.10195639768294262,-0.0316603367519189,0.012839321548399465,0.10314811117903452,0.17964915431169767,0.19071485505561864,0.02773083385245037,0.1433095893920591,0.0921081942252935,-0.0006559478483114389,-0.14127254865421865,-0.08929768509851127,0.02868771287597341,0.04923120169479958,-0.015687228215742727,0.030643232031173473,0.014189090641202814,-0.08012063749281204,0.11160756512047162,0.07256259100795658
HG207,0.49089615645878615,0.48773583677724675,0.20797525317842186,0.4770336236710588,0.5800830477668812,0.061601010389866595,0.4985757631577701,0.5277101530435523,0.3803620900369879,0.30131767035025037,0.43592882108797415,0.0820820540437222,0.1312111914167811,0.15957564646428476,0.4722231691276041,0.5907133941962878,0.5105476586906516,0.43540739997943,0.13822431463399287,0.6437211601068935,0.2265890961885093,0.44180819484035505,0.5582251504110647,0.7657217988849515,0.4636810640445771,0.5924514133259162,0.5749673405802955,0.11109237628678434,0.4967722703480328,0.21985483731754207,0.5865628846734028,0.47396255487529004
HG208,0.18493305986344571,0.31214638481305107,0.23461787919537697,0.21551950342461318,0.635686897479949,0.25677248517838297,0.2903345783773158,0.5198193410724055,0.3956483710527306,-0.059155648310195624,0.5450504295913191,0.26256355583310503,0.4328885998874205,0.5911232783520033,0.5670713542386375,0.6722989832900129,0.7677484578632987,0.7283432058906176,0.580070951342524,0.6456743688030646,0.513982203105136,0.4193319983505895,0.27163703355051694,0.3424345642994742,0.06594277290454323,0.7007325833130661,0.45445012200709384,0.08121402575840968,0.22685842134592743,0.19378944727078834,0.7379396758773391,0.560365062209873
HG209,0.13249640707441002,0.10377468413274943,0.08966162691715386,0.04850909417293878,0.12122137214858654,0.012259210546936183,-0.10283800577024561,0.060731560665276504,0.16466005335157408,0.23942903109773364,0.16923401178654057,0.29083874162589074,0.2621003584483751,0.3209105336795146,0.3615519814094374,0.2818033026271033,0.35282588264679277,0.3680664774321291,0.19755594264648133,0.22677219292770653,0.1354154484501242,0.3707743595135254,0.27140042262996733,0.01080415911357513,0.10588438336816924,0.2627386686067652,0.07964899565681391,0.02839344911743319,0.16723874630049718,0.08392302825886197,0.4074534308905374,0.08913316096814375
HG210,0.026280982326031238,0.2162602577366996,-0.014065177546867175,0.05541268288076344,0.1431454983332773,-0.03210881801111494,,-0.06996632311165923,-0.017555102623013283,0.0628107922307082,0.18107428037941267,0.027787330280775582,0.1552254160417216,0.14076971542439518,0.13733381922445148,0.2154068059571846,0.23353368729691737,0.2510115478018637,0.12255772086986447,0.2564981424845556,0.0769973006620151,0.08933437823823859,0.06009846231313805,0.11190299465337385,-0.23978258927781498,0.308774516276014,0.1698437220981489,0.21658428084952625,0.11879442092190515,0.061226402807360164,0.5285582197013702,0.18870637792623535
HG211,0.3586000731053243,0.5755946687884298,0.25543192695979045,0.6271350818044145,0.7914891157652123,0.43020417420771384,0.12153357543223847,0.5677530641332753,0.43407367924012985,0.09386506677493522,0.6321483663649982,0.16084811523463807,0.16213115689207702,0.42002844392900324,0.7328864699137515,0.7840364597115651,0.7552907066351078,0.6622538331092138,0.5365718520697539,0.828138806454261,0.6649411799570477,0.1289518005219446,0.596059579708229,0.7536025096473187,0.6168394151582073,0.8141055058918607,0.643705426564223,0.2959439754771562,0.6304329092582892,0.44717563851998327,0.7720995900773786,0.613785376372895
HG212,-0.0573851333734897,-0.012165492059255975,0.007049954027936539,-0.0046364286561328405,0.20446056497317405,-0.06774794713933,0.0206254140519668,0.18744800491789362,0.4476902261982279,-0.050017922614218925,0.29396458766933725,0.1947707989048422,0.27524899835279387,0.25268555563655243,0.31361044024335405,0.3566977784232196,0.3417721225372189,0.3546961716386004,0.1300664875252432,0.5069672490147092,0.18395515874351243,0.2813631329554254,0.2732632557810285,0.4519363520228212,0.01748150109858744,0.31865398192126465,0.08754027618770928,-0.04995742384092003,-0.008970302431209096,0.061094511463219425,0.30815568484917044,0.41257958705489994
HG213,-0.12927549370925004,0.18410797414086233,-0.07775468724161569,-0.005006965285541787,0.27264386560887344,0.027982419417377363,-0.050554189245911776,-0.012965857459858565,0.21301290385721716,-0.1402470792213228,0.23973231784308324,0.023690457894039285,-0.03999280426599472,0.1488624095522188,0.3386178674057567,0.2951478493022636,0.205057573167294,0.11845844967486807,0.12651166131290909,0.29145710208520437,0.08506559570565139,0.07669472470168695,0.16110806243894418,0.15416972308573124,0.03473795488176988,0.2642275197746404,-0.012909912335756876,0.01249039452261641,0.24222912253386852,0.024628485922817633,0.05042159066687578,0.3030190612360453
HG214,0.02027686946069021,0.15825415248251948,0.06650254882508766,0.19471897724311932,0.43319931005081,0.05925248349854784,0.09570694247848607,0.17932884077376923,0.09388533295124828,-0.0018090843695978825,0.2772950959319036,0.0659103928659104,-0.0180770176059164,0.1688914279343897,0.17910093140122801,0.2914046213205437,0.275688353349346,0.4336126036116723,0.2863807314369426,0.5561101819291341,0.3248531466977924,0.11674089764563611,0.16550601855112454,0.30018851145809605,0.0527190392531145,0.38158451561419465,0.12434456639409566,0.0378332637653688,0.16733315515795794,-0.007132810153519839,0.6047448211055513,0.5093283880819489
HG217,0.08562844577801848,0.08739887101202104,-0.027790529531037708,-0.07716815091237846,0.28546758998680766,0.08470365099429278,-0.005185949507477833,0.019891764864625475,0.2872513628743921,-0.0026223639598450255,0.12031029674173191,0.026126250574111193,0.17610184937237056,0.059636063038969234,0.011077175906877762,0.15229864778276525,0.06329165761531375,-0.006453196453553495,0.04167930119059848,0.10711765527671863,0.12226895776216887,0.1548086781721486,0.04907441282487214,0.048014822517759945,0.051175194670659896,0.2095353212065699,-0.08833378917683499,0.14392203811354604,-0.09463652186256805,0.0323892388525094,0.13234520484834414,0.19783602726239324
HG218,0.12700689129089865,-0.0332895577257015,0.036720329549299824,0.10356735167256355,0.3160490326095954,0.05029006152858413,-0.00835826115407376,0.023462501969347252,0.06333369285448737,0.04216843952661821,0.06964169168589752,0.10554179206509551,0.1549124521171188,0.06450290714130809,0.10499961344645403,0.015941734944418556,-0.004744963588042911,0.17485396115036533,0.195030911944564,0.023836654411330385,0.06252003798152572,0.15722721306500764,0.02501392567087979,-0.055931353911271325,0.0696745646052242,0.2158096707142072,0.06887763754521817,0.09634619576886047,0.0035623198740456913,-0.08296596627159497,0.2575226695717964,0.1919934294921171
HG219,0.03696219818907896,-0.00027586497973705604,0.1354340161819503,0.05845338199455945,0.10444187236288155,0.03679256959948618,0.2588844724654087,0.11494244506975215,0.02069839371258589,-0.025597369670932124,0.11577807265284651,0.016645671702552933,0.09615406495501978,0.04833540364592934,0.1170219213000005,0.031875848533996776,-0.03880860052745547,0.11465982065768912,0.13909763724846338,0.1717653466775684,0.2556106941147958,0.1835978164764193,0.11616644356363365,0.09375685519218502,-0.09715321017093434,0.10937956488889977,-0.03715150745900497,-0.015570533458319082,0.009881199030084109,-0.01603035595772337,0.20790387855190165,0.24304349394159436
HG221,0.06245040383984801,0.042677192129293856,-0.06431522322493285,-0.0770590971051496,0.06895185771923763,0.03985729935406215,0.15601740724665397,0.055930660380843114,-0.0280978939803848,0.04280052286244246,0.055954125111825764,0.1735841676467337,0.07417603911458343,0.2417245451214179,0.22069592875083627,0.3238845153146991,0.39499849162919204,0.28821733160725777,-0.05375009512428118,-0.04357336744110959,0.04929412918724674,-0.09336826436323829,0.050695504261183855,0.07459488413949304,0.04338195063438863,0.06810418045737207,0.07385142899858471,-0.0793316051752219,-0.05144707878633978,-0.03212733762654241,0.04298187143606699,0.14659516829218996
E01,0.15258822227474803,0.19718122771352098,0.20687768604909265,0.3866438553077524,0.6615098145689007,0.08201305702285229,0.12442198958175471,0.4809701635838498,0.6463767153585113,0.044642969148686526,0.21002451140404166,0.12571044814813234,0.44364501329379225,0.31560018381912136,0.5356425217230221,0.5992735129963431,0.6384421855514641,0.46348346745392766,0.30880203294820197,0.4245921161232402,0.35399494947035076,0.601836631577896,0.5380294006841597,0.30902258653379766,0.09736640973341106,0.6194423413822354,0.29428095895393364,0.1332818252200475,0.04492448218772517,0.017325587327782138,0.5636680509953522,0.6659989331421585
E02,0.12431072537203416,0.3759509844057547,0.16113081515099756,0.37816810074882157,0.41867934702507226,0.30897182069806006,0.09448893517244605,0.2463807869506586,0.19285099269173103,0.005565553424949493,0.3759201048724275,0.15608447276507093,0.1994003972137116,0.24526138057177388,0.34265463773872656,0.36337857108672433,0.3736470005964347,0.3406446300827902,0.2052043861221392,0.5024443742603635,0.12273934173657053,0.12649506961744197,0.08307627457246927,0.13851372923113078,-0.006726756645856369,0.2784581374329372,0.0067770837407061385,0.14375535203607953,0.1443235931581769,0.16586730075466594,0.39332705798665446,0.2572731009184537
E03,0.053257130685847046,0.0026304228343809466,0.031052218184352637,0.08327488690265915,0.29642678380832777,0.09843143519926545,0.07606057901839247,0.209183771397021,0.18899993907248508,0.05718860187816262,0.24040480990826643,0.13487780237341226,0.1235564300200681,0.22639684628580303,0.3020592652586032,0.28459649003072074,0.28929461180997607,0.24790954337458138,0.036254962958184256,0.1339074198908612,0.07254606257491686,0.005258672269957049,0.057336685087418404,0.07479611098768928,0.03442623421537203,0.1884921800986435,0.09322107845894234,-0.0038740951233684692,0.10119611130980485,0.044090251222544855,0.24236961622803554,0.20215725432585357
E04,0.23025026688591377,0.4488813433142273,0.023168840640945626,0.2704410925396007,0.4706369858084376,0.08251131319880929,0.20841770827508382,0.27387490250977986,0.27496895198332105,0.44988471873436275,0.7171409284203436,0.2973628890695471,0.09784975247931292,0.23632247765956382,0.2272850413663766,0.23347964513943126,0.1459908456608811,0.09266533854691883,0.036738336527835355,0.26799616490589423,0.20269362547849917,0.2146658324527851,0.25331324589270804,0.30063283505574334,0.09177601618029341,0.46941656140846577,0.014986192162471552,0.14031240063346018,0.33610082666157753,0.31706578590717976,0.47513618665066093,0.3421805370697841
E05,0.21723256113268818,0.3161558719414148,0.07150465764427248,0.23990811552595492,0.7261056603691288,0.1775301098585924,0.3293611207646303,0.5265583819364801,0.43899589355279484,0.341763457982059,0.6434309799934084,0.2500135498067291,0.2738977702827322,0.5371333898672055,0.6918313521002105,0.7085816280317835,0.7114203891756469,0.5478585474528338,0.25355448742714726,0.6884725514857318,0.04813436500972028,0.35862953226946365,0.4060359084130636,0.34814457328629295,0.008182907685210586,0.6712032091008127,0.4772947550797304,0.18589645696223614,0.3874039716881297,0.21377171808204742,0.6926109642825007,0.6017132788155168
E07,0.27631214289476624,0.25751937555665194,0.17780320835069927,0.18074927781191003,0.5843422151105574,0.11970302774674908,0.05676905884179283,0.4916455647498581,0.2363018087950316,0.2678608671383121,0.6400012192570181,0.3134456987532955,0.10753801181599679,0.5479905145660835,0.7274089403530888,0.7015724109899523,0.6880492626821618,0.5295727365423644,0.21077584679691413,0.6254968866413837,0.20371280548873397,0.29233475867946657,0.4583681821372607,0.3404454380520179,0.14427664229913223,0.46228107013914793,0.12097255634961385,0.09512836216752209,0.2629453928255717,0.17902507827100614,0.5753782331540254,0.41291542198908876
E09,0.1977752486784699,0.12299529229142553,0.03097641740264881,0.17028422807057242,0.5683316837469652,-0.07903722219835836,0.11822581316853283,0.33371926661508444,0.450294277258374,0.05733099492160337,0.30769617150869294,0.14185654403408596,0.2713138083931454,0.2560910538630671,0.47058922048631924,0.4376642194938205,0.4098220745370731,0.23090532759681173,0.03243175055758114,0.3233716444323591,-0.020771229387234864,0.30510043069241066,0.17388016080083185,0.2621467154490309,-0.03426919944589629,0.5207541110110415,0.18507935783440863,0.05431256737015777,0.2881100060917149,0.29875974936910077,0.46096261618669104,0.6511893968820888
E10,0.2736427178137506,0.22262123772263212,0.14062847407782642,0.12212002090198978,0.48453015557081636,0.07610856719468498,0.10816200110063401,0.28116913532783716,0.28365506022665515,0.34450764643524673,0.42989646443295115,0.468826097941662,0.36780601456753614,0.697899793727591,0.7819743809824111,0.6346696679029887,0.5155693820846134,0.6540128592273217,0.6439546166334215,0.5792751194696074,0.5695935572371339,0.2186429036572784,0.12496980252867772,0.31170883396115623,0.07002648856896942,0.3987705181675313,0.07286335374785866,0.16151964401401137,0.16259783466450206,0.23036185875103835,0.552509344411243,0.5235163851096765
E12,-0.004911903825868216,0.17629858227961215,0.11940211893310965,0.3280753534364502,0.6054987577592532,0.09253679114837515,0.333723810181752,0.28951756047885224,0.43663909499175707,-0.005893923027368984,0.6308026680214699,0.07031431327684089,0.021972821073061782,0.35395788666171785,0.6001073212859631,0.544055713046296,0.4422627635033784,0.38488300086781635,0.08445939253727054,0.3964853084631965,0.17242357275670886,0.3188196744474182,0.3557445927571162,0.6129447515721138,0.07461117877356506,0.6255974133574095,0.332343371200152,0.038852372656019166,0.3182224934946982,0.09890061835131576,0.6085962046366461,0.6193564772613674
E33,0.02657734390542596,0.19962136648769307,0.16374147378071946,0.5979142733891293,0.7600210269244925,0.2797691027438864,0.7332550295206234,0.8093714732038838,0.8022118060744741,0.46373948784721486,0.48775162537660727,0.2295540617054725,0.44362253911339794,0.21583816446326942,0.29238690405428086,0.33677678719123916,0.3065973261459191,0.20263564641412277,0.07979209866354915,0.46931038956852894,-0.07899267300297358,0.750890543115077,0.6317951227511293,0.34565215273656585,0.1663093825055246,0.7093875361781224,0.4633427782478975,0.2512230807614543,0.265240743998316,0.16495682957241217,0.6103507211482224,0.8077018015687367
Y01,0.21844860499557234,0.34340293132608646,0.1373107811624381,0.37404886651860697,0.6850213785922165,0.08544587023837298,0.48016465179910484,0.3707607772374357,0.5971447585149637,0.19715737609396933,0.6505964108257212,0.16398240709850626,0.22795142619466946,0.37808574267569334,0.5453335333282645,0.519846201390747,0.37999403501457635,0.38736283454296366,0.10569168751107479,0.45441889624168263,0.28520607775976126,0.5901428050466047,0.6457490899189389,0.2766889103919411,0.12010582376353372,0.7372231802892074,0.4903683521660393,0.04725962042377256,0.3784270485779104,0.04369404390199136,0.6847643381328704,0.740575269895041
Y02,0.6568386980161558,0.5776284318755138,0.12464344659840229,0.3784655806980305,0.44778283032333155,0.07312909503903706,0.0977914020757335,0.22505954001361012,0.4136148292929446,0.3057407023442896,0.6985521269349052,0.5746916930265814,0.6763148240634859,0.7314448536837964,0.6198709016090076,0.7187179994275442,0.6989240430918828,0.7646169775828844,0.6470676283444922,0.6956145608143136,0.42551906417811036,0.47712188339604,0.48545222599535354,0.29703833099065396,0.33858825213908367,0.6954132594629728,0.5516238074787939,0.07688913544103168,0.7524173157278595,0.6468290470119545,0.7436949336914027,0.4920372282682275
Y03,0.31158547796748837,0.4826499015287089,0.04992778004119028,0.47160793415264635,0.43484602324443034,0.09517790743296523,0.06713584009764557,0.16992324287456653,0.3154182282849339,0.2821789464184927,0.4376634693471712,0.36249502998673644,0.3989779798495289,0.41676835808885443,0.3409082460538644,0.41000795210868823,0.45079051810395576,0.5128399528290117,0.46540561467557173,0.5437338649013435,0.3871241835224983,0.15548836110024353,0.04723758699110987,0.2884870346861785,0.00454753093432686,0.4815040607031925,0.30192484379753326,0.10743271529181977,0.3887617839329051,0.26931640834216014,0.5722755947604544,0.21638262977755543
Y04,0.27959683527825285,0.5829019104418744,0.2770726322923942,0.7104505007802512,0.8189319328826115,0.16072166206807045,0.5102194250524625,0.6746721517681838,0.6882097350881534,0.7158866762722894,0.7866704577432617,0.6236126331014782,0.4218287215033376,0.7122599296276596,0.6759268314047067,0.5733100526058379,0.508537513168831,0.578096393326271,0.549123564841468,0.757166484890921,0.6500289531890893,0.641859266679837,0.7632996792611838,0.6430408248884397,0.30222453031029234,0.8492245925029039,0.776017148749541,0.16103381118343715,0.6744082358604445,0.44238087551974814,0.7815767034739557,0.8282461942745502
Y05,0.04185236359877641,0.3793734674727492,0.004398206498603341,0.2807124092750741,0.5516773108814852,0.08166851126179056,0.11224118054280247,0.40272286351028536,0.3799621543906305,0.2556977601718555,0.47736314704126165,0.17302200518438632,0.12481572233331946,0.2074200391288551,0.28881401952500785,0.37188508684674426,0.3264853452757847,0.39236724416517454,0.12339828644355813,0.5733565323369375,0.31033017258590284,0.3654486096859274,0.3817959237958708,0.22988543962739078,0.06084073124495866,0.6589981383193633,0.4726164873643912,0.013421637647076906,0.3069046675372178,0.16344897075044285,0.5958517257377743,0.6399274614741498
Y06,0.17222009143106298,-0.07415178472527151,0.2258068343835022,0.0306900194766504,0.1369713407409655,0.6082563910108587,0.47298647219728773,0.22600242624492178,0.17870001838740193,0.07242388488505552,0.3149719276285202,0.04974141423538708,0.20217014893301988,0.22929658036218953,0.3821897726856397,0.48761171712303925,0.4437310025542296,0.29245907336596644,0.15969594195512454,0.4260928628423888,0.14284055630974285,0.4426925175477334,0.3655161749683275,0.08640025968850376,-0.011360515330501864,0.5921510717467834,0.21618712439497811,0.12761015114110424,0.05888346354355756,0.10116701648683034,0.33070633888624523,0.5579573212928479
Y07,0.3391360868598214,0.4402771120937542,0.2092296130578487,0.4590064388989479,0.5907028725910429,0.07639020643416171,0.008017126368069769,0.18761260060517473,0.3603379977477147,-0.019028539052744375,0.43860219961987096,0.08249673301839874,0.12283188244807047,0.4648065504218445,0.7356423294661706,0.7089660952728053,0.394980265021321,0.36075619838600753,0.2116458529325129,0.5459273355955264,0.4081667057308705,-0.013094650171966787,0.26538301351191895,0.03339186359140099,0.0236159235218798,0.6318159259734152,0.46318454302772705,0.007745597848753442,0.33626017203159014,0.12119661655419858,0.6357553196675365,0.5571634488027927
Y08,0.394762312002102,0.39860713623107324,0.23078313281949062,0.38327593248349456,0.6587300367578139,0.1361510440843308,0.1990448249464845,0.48922673765525204,0.5190781852811498,0.3257947759296621,0.3292716980247067,0.32174951649098227,0.26372009292261867,0.4164287122086514,0.5185258908072865,0.5798984957035611,0.5235725623210257,0.4596297878982694,0.3473128041200746,0.3141050698415938,0.4359017412191104,0.4028149935186669,0.41677431283372013,0.20181070079738073,0.2532979186965949,0.64036010333126,0.33282069111605694,0.03649403010947822,0.22758607084809837,0.2393248199641897,0.5491871732945504,0.703946823854691
Y09,0.21085096190853686,0.4604088441817921,0.3404098392768458,0.6329005183470318,0.7248457712544806,0.12442535924268916,0.14000670070464094,0.5020756553363557,0.5931266284739048,0.44330475705805666,0.6221394871442889,0.5746165856915659,0.4152467680482016,0.5371533139495815,0.4690941492875703,0.4779700394381508,0.4602607517675614,0.4777031514314919,0.427419062411405,0.5076198562008561,0.3687013735269472,0.5234102897312967,0.630029387422275,0.20855234316942473,0.27274546596947447,0.7676800960014276,0.47215545190643904,0.3419189626194686,0.4121522518561318,0.15874157936479616,0.7564721936696647,0.7059384040855295
Y10,0.2995310204475906,0.4262482618449959,0.15067712479819234,0.26176289576748324,0.4304334275067967,0.25600402078683954,0.018418310268167537,0.4365491179705365,0.24989250384523223,0.09095629576746106,0.07887883875922276,0.026851522369913602,0.19835559848420026,0.4346171632036482,0.3319377970149512,0.5621262972948238,0.6504779542793465,0.6311309106594598,0.22990184308671557,0.2745906294035219,0.3689945479230661,0.1658730860835042,0.4878588311614578,0.3833498448417447,0.509450227807724,0.5902598650418274,0.48363121726032976,0.025489290357391087,0.38882316660992,0.32759528507219293,0.5227934690396909,0.5551603673014696
Y12,0.3897751070986225,0.531411204307294,0.20979239550605208,0.42916504512953274,0.4609272531242259,0.2437569749639809,0.0994444268784444,0.2683725626728922,0.39293383202730114,0.12926908688547561,0.29229374199620156,0.4528762200656553,0.508867116575763,0.5951375835619972,0.5064273820664164,0.40532992956484604,0.3693138575344751,0.34715447796720283,0.47603208340091624,0.2295689854012323,0.19176050306067438,0.4815703027234336,0.24852902110312503,-0.01279276204772821,0.3600520804077374,0.5843219080977307,0.5398620458842468,0.41137711858678067,0.5557062535329796,0.5386731358243525,0.5212139897114103,0.3097908308460234
Y13,0.6685479423576469,0.7481548886942616,0.599666448735671,0.7633472197486652,0.7108049955145486,0.4140772373297321,0.1715617696033147,0.6168733646256901,0.5101091357487024,0.3092416902641477,0.7668130021373646,0.1861101559103313,0.3938179577369182,0.5496250252054357,0.7238827657097346,0.7580121066556359,0.7527711117320206,0.6970065812697901,0.7362676962138959,0.7221881628978035,0.7885312680487455,0.5686360696334415,0.6875391970030733,0.5710131146009396,0.5841786400707221,0.6936347915899393,0.02758405073224654,0.7082163120951998,0.5258009877526577,0.4129141805333866,0.7942734549570697,0.552248817833379
Y14,0.21405610183949464,0.5445275737313868,0.11713378894586358,0.46266230176747114,0.6222478013811249,0.018783146433373712,0.150990799960968,0.4056882581928856,0.5006586435788549,0.11010928937004665,0.5140473482802872,0.22306725152941825,0.34853229080714143,0.36178509538955883,0.5133213322983141,0.5641320098314881,0.4636066594602645,0.5113959565634083,0.3559042162933072,0.5030795613712331,0.21887652028341248,0.42496924522957424,0.2755629002923632,0.254126948005153,0.1365342404883118,0.7200641701867023,0.5520332818500503,0.07018225150826465,0.4233724930815398,0.14539319382210322,0.7415576131030827,0.6985245429254254
